"exp","subject","competitor","target","decoy","group","question","type","decoy_side"
"1a",1,10,60,30,"different","orangeJuice","quant",2
"1a",1,100,0,0,"different","lottery","quant",1
"1a",1,50,50,0,"different","restaurant","qual",1
"1a",2,90,10,0,"different","orangeJuice","qual",1
"1a",2,0,75,25,"different","lottery","quant",1
"1a",2,80,20,0,"different","restaurant","quant",2
"1a",3,60,40,0,"different","restaurant","quant",1
"1a",3,60,30,10,"different","lottery","qual",2
"1a",3,0,90,10,"different","orangeJuice","quant",2
"1a",4,100,0,0,"different","orangeJuice","qual",2
"1a",4,25,75,0,"different","restaurant","qual",2
"1a",4,100,0,0,"different","lottery","quant",1
"1a",5,50,50,0,"same","restaurant","qual",1
"1a",5,0,100,0,"same","orangeJuice","quant",1
"1a",5,0,0,100,"same","lottery","qual",2
"1a",6,55,25,20,"same","restaurant","quant",1
"1a",6,20,65,15,"same","orangeJuice","quant",2
"1a",6,35,45,20,"same","lottery","quant",1
"1a",7,80,20,0,"different","lottery","quant",1
"1a",7,30,70,0,"different","restaurant","qual",1
"1a",7,50,50,0,"different","orangeJuice","quant",1
"1a",8,25,50,25,"different","restaurant","quant",1
"1a",8,50,25,25,"different","lottery","quant",2
"1a",8,25,50,25,"different","orangeJuice","qual",1
"1a",9,35,65,0,"different","orangeJuice","quant",1
"1a",9,100,0,0,"different","lottery","quant",1
"1a",9,45,55,0,"different","restaurant","quant",1
"1a",10,20,40,40,"same","restaurant","quant",2
"1a",10,70,20,10,"same","lottery","qual",1
"1a",10,20,60,20,"same","orangeJuice","qual",1
"1a",11,20,60,20,"different","orangeJuice","quant",2
"1a",11,50,30,20,"different","lottery","quant",1
"1a",11,45,35,20,"different","restaurant","quant",1
"1a",12,50,50,0,"different","restaurant","qual",2
"1a",12,25,75,0,"different","orangeJuice","qual",2
"1a",12,0,100,0,"different","lottery","qual",2
"1a",13,20,75,5,"same","restaurant","quant",1
"1a",13,30,50,20,"same","lottery","qual",2
"1a",13,0,100,0,"same","orangeJuice","qual",1
"1a",14,0,100,0,"same","lottery","qual",1
"1a",14,100,0,0,"same","restaurant","qual",2
"1a",14,100,0,0,"same","orangeJuice","quant",2
"1a",15,80,20,0,"same","restaurant","qual",2
"1a",15,5,80,15,"same","lottery","quant",2
"1a",15,0,100,0,"same","orangeJuice","quant",2
"1a",16,50,50,0,"same","orangeJuice","qual",2
"1a",16,75,25,0,"same","lottery","qual",1
"1a",16,65,35,0,"same","restaurant","quant",2
"1a",17,30,60,10,"same","lottery","quant",1
"1a",17,10,30,60,"same","orangeJuice","quant",2
"1a",17,80,19,1,"same","restaurant","qual",2
"1a",18,40,30,30,"same","lottery","qual",1
"1a",18,80,15,5,"same","orangeJuice","quant",2
"1a",18,50,40,10,"same","restaurant","quant",1
"1a",19,30,60,10,"different","restaurant","quant",1
"1a",19,70,25,5,"different","lottery","qual",1
"1a",19,50,30,20,"different","orangeJuice","quant",2
"1a",20,20,70,10,"same","lottery","qual",1
"1a",20,70,30,0,"same","restaurant","qual",1
"1a",20,25,60,15,"same","orangeJuice","qual",1
"1a",21,60,30,10,"same","lottery","quant",1
"1a",21,80,20,0,"same","orangeJuice","quant",1
"1a",21,30,70,0,"same","restaurant","quant",2
"1a",22,60,30,10,"same","lottery","quant",2
"1a",22,40,35,25,"same","restaurant","quant",2
"1a",22,75,10,15,"same","orangeJuice","qual",1
"1a",23,10,70,20,"different","restaurant","quant",2
"1a",23,30,40,30,"different","lottery","qual",2
"1a",23,50,40,10,"different","orangeJuice","quant",2
"1a",24,30,50,20,"different","lottery","qual",2
"1a",24,50,50,0,"different","restaurant","qual",2
"1a",24,100,0,0,"different","orangeJuice","qual",2
"1a",25,55,45,0,"different","restaurant","quant",1
"1a",25,20,50,30,"different","lottery","qual",2
"1a",25,30,40,30,"different","orangeJuice","quant",2
"1a",26,30,50,20,"same","orangeJuice","qual",2
"1a",26,30,50,20,"same","restaurant","quant",2
"1a",26,20,70,10,"same","lottery","qual",1
"1a",27,40,50,10,"different","lottery","quant",1
"1a",27,50,40,10,"different","restaurant","quant",2
"1a",27,25,25,50,"different","orangeJuice","qual",1
"1a",28,50,30,20,"different","lottery","qual",2
"1a",28,70,20,10,"different","restaurant","qual",1
"1a",28,80,20,0,"different","orangeJuice","qual",1
"1a",29,35,65,0,"same","lottery","quant",2
"1a",29,20,75,5,"same","restaurant","quant",2
"1a",29,5,65,30,"same","orangeJuice","qual",1
"1a",30,85,15,0,"same","restaurant","qual",2
"1a",30,40,20,40,"same","orangeJuice","qual",1
"1a",30,25,65,10,"same","lottery","qual",2
"1a",31,10,80,10,"same","orangeJuice","qual",1
"1a",31,50,50,0,"same","restaurant","quant",2
"1a",31,50,50,0,"same","lottery","qual",1
"1a",32,50,25,25,"different","lottery","quant",1
"1a",32,15,70,15,"different","orangeJuice","qual",1
"1a",32,60,40,0,"different","restaurant","qual",2
"1a",33,10,70,20,"same","orangeJuice","quant",2
"1a",33,80,15,5,"same","lottery","quant",2
"1a",33,20,60,20,"same","restaurant","qual",1
"1a",34,35,50,15,"different","restaurant","quant",1
"1a",34,40,50,10,"different","orangeJuice","quant",1
"1a",34,25,65,10,"different","lottery","quant",2
"1a",35,30,60,10,"same","restaurant","qual",1
"1a",35,25,50,25,"same","lottery","qual",2
"1a",35,30,40,30,"same","orangeJuice","qual",2
"1a",36,25,50,25,"same","orangeJuice","qual",2
"1a",36,60,30,10,"same","lottery","qual",1
"1a",36,75,25,0,"same","restaurant","quant",2
"1a",37,100,0,0,"same","lottery","qual",2
"1a",37,90,10,0,"same","restaurant","quant",1
"1a",37,40,50,10,"same","orangeJuice","quant",2
"1a",38,5,80,15,"different","orangeJuice","quant",2
"1a",38,60,30,10,"different","lottery","quant",1
"1a",38,50,50,0,"different","restaurant","quant",2
"1a",39,80,20,0,"same","orangeJuice","qual",1
"1a",39,100,0,0,"same","lottery","quant",2
"1a",39,40,60,0,"same","restaurant","qual",2
"1a",40,85,15,0,"different","restaurant","qual",2
"1a",40,0,80,20,"different","orangeJuice","quant",2
"1a",40,10,70,20,"different","lottery","quant",2
"1a",41,60,30,10,"same","restaurant","quant",1
"1a",41,50,40,10,"same","orangeJuice","quant",2
"1a",41,55,40,5,"same","lottery","quant",1
"1a",42,75,15,10,"different","orangeJuice","quant",2
"1a",42,100,0,0,"different","restaurant","quant",1
"1a",42,65,35,0,"different","lottery","qual",1
"1a",43,50,40,10,"different","lottery","qual",1
"1a",43,75,25,0,"different","orangeJuice","quant",1
"1a",43,60,40,0,"different","restaurant","qual",2
"1a",44,75,25,0,"different","lottery","quant",1
"1a",44,20,80,0,"different","restaurant","qual",2
"1a",44,5,65,30,"different","orangeJuice","qual",1
"1a",45,90,10,0,"same","restaurant","qual",2
"1a",45,33,33,34,"same","lottery","qual",2
"1a",45,0,95,5,"same","orangeJuice","qual",1
"1a",46,25,50,25,"different","restaurant","quant",2
"1a",46,50,25,25,"different","orangeJuice","quant",1
"1a",46,35,35,30,"different","lottery","qual",1
"1a",47,40,40,20,"same","restaurant","quant",1
"1a",47,50,40,10,"same","orangeJuice","quant",2
"1a",47,30,30,40,"same","lottery","qual",2
"1a",48,30,70,0,"same","lottery","quant",1
"1a",48,15,85,0,"same","orangeJuice","quant",1
"1a",48,30,70,0,"same","restaurant","quant",2
"1a",49,100,0,0,"same","restaurant","qual",1
"1a",49,50,50,0,"same","lottery","qual",1
"1a",49,40,60,0,"same","orangeJuice","quant",1
"1a",50,35,60,5,"different","lottery","qual",2
"1a",50,0,100,0,"different","orangeJuice","quant",1
"1a",50,60,40,0,"different","restaurant","qual",1
"1a",51,100,0,0,"same","orangeJuice","quant",1
"1a",51,50,50,0,"same","restaurant","qual",2
"1a",51,25,50,25,"same","lottery","qual",1
"1a",52,40,60,0,"same","restaurant","qual",1
"1a",52,90,5,5,"same","orangeJuice","qual",1
"1a",52,5,75,20,"same","lottery","quant",2
"1a",53,20,40,40,"different","lottery","qual",2
"1a",53,0,100,0,"different","orangeJuice","qual",1
"1a",53,50,40,10,"different","restaurant","quant",1
"1a",54,60,40,0,"same","lottery","qual",1
"1a",54,15,85,0,"same","orangeJuice","qual",1
"1a",54,35,65,0,"same","restaurant","quant",1
"1a",55,40,30,30,"same","restaurant","quant",1
"1a",55,60,20,20,"same","lottery","quant",1
"1a",55,10,60,30,"same","orangeJuice","qual",1
"1a",56,30,60,10,"different","restaurant","qual",2
"1a",56,30,50,20,"different","orangeJuice","qual",2
"1a",56,70,20,10,"different","lottery","qual",1
"1a",57,0,100,0,"same","lottery","qual",1
"1a",57,50,50,0,"same","restaurant","quant",2
"1a",57,10,90,0,"same","orangeJuice","qual",1
"1a",58,80,20,0,"same","restaurant","qual",2
"1a",58,100,0,0,"same","lottery","quant",2
"1a",58,10,90,0,"same","orangeJuice","quant",1
"1a",59,60,30,10,"different","lottery","qual",2
"1a",59,45,40,15,"different","restaurant","quant",1
"1a",59,30,60,10,"different","orangeJuice","qual",1
"1a",60,70,30,0,"same","orangeJuice","quant",2
"1a",60,50,40,10,"same","lottery","quant",2
"1a",60,100,0,0,"same","restaurant","quant",1
"1a",61,50,50,0,"same","orangeJuice","quant",2
"1a",61,0,0,100,"same","lottery","qual",1
"1a",61,0,100,0,"same","restaurant","quant",2
"1a",62,100,0,0,"same","restaurant","qual",1
"1a",62,0,60,40,"same","orangeJuice","qual",2
"1a",62,20,55,25,"same","lottery","quant",2
"1a",63,100,0,0,"same","restaurant","quant",2
"1a",63,100,0,0,"same","lottery","qual",1
"1a",63,100,0,0,"same","orangeJuice","qual",1
"1a",64,20,80,0,"different","lottery","quant",2
"1a",64,10,90,0,"different","restaurant","qual",1
"1a",64,60,40,0,"different","orangeJuice","quant",2
"1a",65,33,35,32,"same","lottery","qual",1
"1a",65,30,70,0,"same","orangeJuice","quant",1
"1a",65,20,80,0,"same","restaurant","qual",2
"1a",66,35,65,0,"same","lottery","qual",1
"1a",66,40,60,0,"same","orangeJuice","quant",2
"1a",66,15,80,5,"same","restaurant","quant",2
"1a",67,0,100,0,"different","lottery","quant",2
"1a",67,75,25,0,"different","restaurant","qual",2
"1a",67,80,20,0,"different","orangeJuice","qual",2
"1a",68,75,25,0,"same","orangeJuice","quant",1
"1a",68,34,33,33,"same","restaurant","quant",1
"1a",68,0,100,0,"same","lottery","quant",2
"1a",69,20,70,10,"different","restaurant","quant",2
"1a",69,10,70,20,"different","orangeJuice","quant",2
"1a",69,30,60,10,"different","lottery","qual",1
"1a",70,15,25,60,"different","lottery","qual",2
"1a",70,5,95,0,"different","orangeJuice","quant",1
"1a",70,100,0,0,"different","restaurant","quant",1
"1a",71,60,20,20,"different","restaurant","quant",1
"1a",71,20,30,50,"different","orangeJuice","qual",1
"1a",71,60,25,15,"different","lottery","qual",1
"1a",72,0,100,0,"different","orangeJuice","qual",1
"1a",72,0,100,0,"different","lottery","quant",2
"1a",72,30,70,0,"different","restaurant","quant",2
"1a",73,80,10,10,"different","lottery","quant",1
"1a",73,60,40,0,"different","restaurant","quant",1
"1a",73,0,100,0,"different","orangeJuice","quant",2
"1a",74,40,10,50,"same","orangeJuice","qual",1
"1a",74,19,80,1,"same","restaurant","qual",1
"1a",74,15,80,5,"same","lottery","quant",2
"1a",75,50,50,0,"same","orangeJuice","qual",2
"1a",75,35,65,0,"same","restaurant","qual",2
"1a",75,100,0,0,"same","lottery","quant",2
"1a",76,24,76,0,"different","orangeJuice","qual",2
"1a",76,70,25,5,"different","lottery","qual",1
"1a",76,75,25,0,"different","restaurant","quant",1
"1a",77,75,25,0,"different","restaurant","qual",2
"1a",77,60,40,0,"different","lottery","quant",1
"1a",77,30,30,40,"different","orangeJuice","qual",2
"1a",78,40,60,0,"same","orangeJuice","qual",2
"1a",78,90,10,0,"same","lottery","qual",2
"1a",78,100,0,0,"same","restaurant","quant",2
"1a",79,30,40,30,"same","orangeJuice","quant",1
"1a",79,20,40,40,"same","lottery","qual",2
"1a",79,60,40,0,"same","restaurant","quant",2
"1a",80,65,35,0,"different","restaurant","qual",2
"1a",80,20,50,30,"different","lottery","qual",1
"1a",80,40,60,0,"different","orangeJuice","quant",1
"1a",81,30,50,20,"same","orangeJuice","quant",1
"1a",81,50,40,10,"same","restaurant","qual",2
"1a",81,30,50,20,"same","lottery","quant",2
"1a",82,25,75,0,"different","lottery","quant",2
"1a",82,20,80,0,"different","restaurant","quant",2
"1a",82,25,25,50,"different","orangeJuice","qual",1
"1a",83,40,60,0,"same","orangeJuice","qual",1
"1a",83,50,50,0,"same","restaurant","quant",1
"1a",83,30,70,0,"same","lottery","qual",1
"1a",84,55,45,0,"different","restaurant","qual",1
"1a",84,50,30,20,"different","lottery","qual",1
"1a",84,5,90,5,"different","orangeJuice","quant",2
"1a",85,40,50,10,"different","lottery","qual",2
"1a",85,40,60,0,"different","restaurant","quant",2
"1a",85,0,0,100,"different","orangeJuice","quant",1
"1a",86,80,10,10,"different","orangeJuice","quant",1
"1a",86,100,0,0,"different","restaurant","quant",1
"1a",86,100,0,0,"different","lottery","quant",1
"1a",87,45,30,25,"same","lottery","quant",1
"1a",87,30,60,10,"same","orangeJuice","qual",1
"1a",87,35,50,15,"same","restaurant","quant",2
"1a",88,20,75,5,"same","restaurant","qual",1
"1a",88,35,60,5,"same","lottery","quant",2
"1a",88,20,80,0,"same","orangeJuice","quant",2
"1a",89,40,60,0,"same","orangeJuice","quant",1
"1a",89,80,20,0,"same","restaurant","qual",1
"1a",89,50,30,20,"same","lottery","qual",2
"1a",90,35,50,15,"different","lottery","quant",2
"1a",90,35,50,15,"different","restaurant","quant",2
"1a",90,80,10,10,"different","orangeJuice","quant",2
"1a",91,45,50,5,"different","restaurant","quant",1
"1a",91,20,40,40,"different","lottery","qual",2
"1a",91,50,50,0,"different","orangeJuice","quant",1
"1a",92,20,60,20,"same","restaurant","qual",1
"1a",92,40,40,20,"same","lottery","qual",2
"1a",92,50,35,15,"same","orangeJuice","quant",1
"1a",93,85,10,5,"same","orangeJuice","qual",2
"1a",93,40,60,0,"same","lottery","qual",1
"1a",93,65,35,0,"same","restaurant","quant",2
"1a",94,0,100,0,"different","lottery","quant",2
"1a",94,75,25,0,"different","restaurant","quant",1
"1a",94,0,100,0,"different","orangeJuice","qual",2
"1a",95,20,70,10,"different","lottery","quant",2
"1a",95,25,75,0,"different","restaurant","qual",1
"1a",95,70,30,0,"different","orangeJuice","quant",2
"1a",96,25,50,25,"different","restaurant","quant",1
"1a",96,50,40,10,"different","lottery","qual",2
"1a",96,50,50,0,"different","orangeJuice","quant",1
"1a",97,45,55,0,"different","orangeJuice","qual",1
"1a",97,30,50,20,"different","lottery","quant",1
"1a",97,50,50,0,"different","restaurant","qual",1
"1a",98,15,80,5,"different","restaurant","quant",2
"1a",98,60,35,5,"different","lottery","qual",1
"1a",98,20,80,0,"different","orangeJuice","qual",1
"1a",99,75,25,0,"different","lottery","qual",1
"1a",99,20,75,5,"different","orangeJuice","qual",1
"1a",99,20,75,5,"different","restaurant","quant",2
"1a",100,30,60,10,"same","lottery","quant",2
"1a",100,100,0,0,"same","restaurant","quant",2
"1a",100,80,20,0,"same","orangeJuice","quant",1
"1a",101,50,25,25,"same","lottery","quant",1
"1a",101,75,25,0,"same","restaurant","qual",2
"1a",101,25,50,25,"same","orangeJuice","qual",2
"1a",102,50,50,0,"different","lottery","quant",2
"1a",102,70,30,0,"different","restaurant","quant",2
"1a",102,0,100,0,"different","orangeJuice","qual",1
"1a",103,60,30,10,"same","restaurant","quant",1
"1a",103,50,25,25,"same","orangeJuice","qual",1
"1a",103,20,70,10,"same","lottery","qual",1
"1a",104,60,20,20,"same","lottery","qual",2
"1a",104,50,25,25,"same","orangeJuice","quant",2
"1a",104,30,60,10,"same","restaurant","quant",2
"1a",105,33,33,34,"different","lottery","quant",2
"1a",105,25,25,50,"different","restaurant","quant",2
"1a",105,40,44,16,"different","orangeJuice","quant",2
"1a",106,25,60,15,"same","lottery","quant",2
"1a",106,75,25,0,"same","restaurant","quant",1
"1a",106,0,50,50,"same","orangeJuice","qual",1
"1a",107,40,50,10,"different","orangeJuice","quant",2
"1a",107,20,30,50,"different","lottery","qual",2
"1a",107,50,40,10,"different","restaurant","quant",1
"1a",108,35,35,30,"different","lottery","qual",1
"1a",108,0,100,0,"different","restaurant","quant",1
"1a",108,100,0,0,"different","orangeJuice","quant",2
"1a",109,60,30,10,"different","lottery","qual",1
"1a",109,40,40,20,"different","orangeJuice","quant",2
"1a",109,50,40,10,"different","restaurant","quant",2
"1a",110,75,25,0,"same","restaurant","qual",2
"1a",110,30,50,20,"same","lottery","qual",2
"1a",110,20,50,30,"same","orangeJuice","qual",2
"1a",111,75,20,5,"same","lottery","quant",1
"1a",111,50,50,0,"same","restaurant","qual",1
"1a",111,50,50,0,"same","orangeJuice","quant",2
"1a",112,50,35,15,"same","restaurant","qual",2
"1a",112,70,20,10,"same","orangeJuice","qual",1
"1a",112,30,60,10,"same","lottery","quant",2
"1a",113,50,50,0,"different","lottery","quant",1
"1a",113,30,70,0,"different","restaurant","qual",1
"1a",113,0,100,0,"different","orangeJuice","qual",1
"1a",114,50,40,10,"different","restaurant","quant",2
"1a",114,25,70,5,"different","orangeJuice","qual",2
"1a",114,5,20,75,"different","lottery","qual",2
"1a",115,100,0,0,"same","orangeJuice","qual",2
"1a",115,20,80,0,"same","restaurant","quant",1
"1a",115,0,100,0,"same","lottery","quant",2
"1a",116,10,85,5,"same","lottery","quant",2
"1a",116,70,20,10,"same","restaurant","quant",1
"1a",116,95,5,0,"same","orangeJuice","qual",2
"1a",117,90,8,2,"same","lottery","quant",2
"1a",117,100,0,0,"same","orangeJuice","quant",1
"1a",117,0,100,0,"same","restaurant","qual",1
"1a",118,30,40,30,"same","lottery","quant",2
"1a",118,40,30,30,"same","restaurant","quant",1
"1a",118,20,40,40,"same","orangeJuice","quant",1
"1a",119,40,30,30,"same","lottery","quant",1
"1a",119,35,35,30,"same","orangeJuice","quant",2
"1a",119,25,25,50,"same","restaurant","quant",2
"1a",120,30,50,20,"same","restaurant","quant",2
"1a",120,70,30,0,"same","orangeJuice","quant",2
"1a",120,70,30,0,"same","lottery","qual",2
"1a",121,25,30,45,"same","lottery","qual",2
"1a",121,20,50,30,"same","orangeJuice","qual",1
"1a",121,75,25,0,"same","restaurant","qual",2
"1a",122,80,10,10,"different","lottery","qual",1
"1a",122,20,75,5,"different","restaurant","quant",2
"1a",122,30,50,20,"different","orangeJuice","quant",2
"1a",123,50,30,20,"same","lottery","qual",2
"1a",123,55,45,0,"same","restaurant","quant",2
"1a",123,5,75,20,"same","orangeJuice","quant",1
"1a",124,60,30,10,"different","orangeJuice","quant",1
"1a",124,10,60,30,"different","restaurant","quant",1
"1a",124,25,70,5,"different","lottery","qual",1
"1a",125,30,60,10,"different","lottery","quant",2
"1a",125,90,10,0,"different","orangeJuice","qual",1
"1a",125,25,75,0,"different","restaurant","quant",2
"1a",126,30,30,40,"same","orangeJuice","quant",2
"1a",126,40,40,20,"same","lottery","quant",1
"1a",126,30,60,10,"same","restaurant","qual",2
"1a",127,40,50,10,"different","restaurant","qual",2
"1a",127,50,25,25,"different","orangeJuice","quant",2
"1a",127,55,35,10,"different","lottery","qual",2
"1a",128,50,50,0,"same","restaurant","quant",2
"1a",128,50,25,25,"same","lottery","qual",2
"1a",128,50,0,50,"same","orangeJuice","qual",1
"1a",129,50,40,10,"same","orangeJuice","quant",1
"1a",129,20,60,20,"same","restaurant","quant",1
"1a",129,30,60,10,"same","lottery","quant",2
"1a",130,25,50,25,"different","lottery","qual",1
"1a",130,15,60,25,"different","orangeJuice","qual",2
"1a",130,60,25,15,"different","restaurant","qual",2
"1a",131,55,45,0,"same","orangeJuice","quant",2
"1a",131,65,33,2,"same","lottery","qual",2
"1a",131,80,20,0,"same","restaurant","qual",2
"1a",132,60,20,20,"different","lottery","quant",1
"1a",132,20,60,20,"different","restaurant","quant",1
"1a",132,10,60,30,"different","orangeJuice","quant",2
"1a",133,30,55,15,"different","orangeJuice","quant",2
"1a",133,25,60,15,"different","lottery","qual",2
"1a",133,35,65,0,"different","restaurant","qual",2
"1a",134,30,55,15,"same","restaurant","qual",1
"1a",134,50,30,20,"same","lottery","quant",1
"1a",134,80,15,5,"same","orangeJuice","qual",2
"1a",135,90,10,0,"same","restaurant","qual",1
"1a",135,70,25,5,"same","lottery","quant",1
"1a",135,30,50,20,"same","orangeJuice","quant",1
"1a",136,0,100,0,"different","lottery","quant",1
"1a",136,20,80,0,"different","orangeJuice","quant",1
"1a",136,0,100,0,"different","restaurant","quant",1
"1a",137,15,80,5,"same","restaurant","quant",1
"1a",137,10,70,20,"same","orangeJuice","quant",1
"1a",137,70,20,10,"same","lottery","quant",1
"1a",138,25,50,25,"different","restaurant","quant",1
"1a",138,25,75,0,"different","orangeJuice","qual",1
"1a",138,75,20,5,"different","lottery","quant",1
"1a",139,0,75,25,"same","orangeJuice","qual",1
"1a",139,100,0,0,"same","lottery","quant",1
"1a",139,90,10,0,"same","restaurant","quant",1
"1a",140,70,30,0,"different","lottery","quant",1
"1a",140,20,60,20,"different","orangeJuice","quant",2
"1a",140,70,30,0,"different","restaurant","qual",2
"1a",141,40,60,0,"same","orangeJuice","quant",2
"1a",141,40,60,0,"same","lottery","qual",1
"1a",141,30,70,0,"same","restaurant","quant",1
"1a",142,10,80,10,"same","orangeJuice","qual",1
"1a",142,10,80,10,"same","restaurant","quant",1
"1a",142,20,20,60,"same","lottery","qual",2
"1a",143,60,40,0,"same","restaurant","quant",2
"1a",143,25,75,0,"same","orangeJuice","qual",1
"1a",143,50,30,20,"same","lottery","quant",1
"1a",144,40,40,20,"different","restaurant","quant",2
"1a",144,70,20,10,"different","lottery","qual",2
"1a",144,70,20,10,"different","orangeJuice","quant",2
"1a",145,70,30,0,"same","lottery","quant",1
"1a",145,0,100,0,"same","orangeJuice","quant",1
"1a",145,50,50,0,"same","restaurant","qual",1
"1a",146,40,40,20,"different","orangeJuice","qual",2
"1a",146,30,50,20,"different","lottery","qual",1
"1a",146,30,60,10,"different","restaurant","qual",2
"1a",147,40,20,40,"different","lottery","quant",1
"1a",147,80,20,0,"different","restaurant","quant",2
"1a",147,20,80,0,"different","orangeJuice","qual",2
"1a",148,85,15,0,"different","orangeJuice","quant",2
"1a",148,25,75,0,"different","lottery","quant",1
"1a",148,35,65,0,"different","restaurant","qual",2
"1a",149,99,1,0,"same","orangeJuice","qual",2
"1a",149,100,0,0,"same","lottery","qual",2
"1a",149,60,40,0,"same","restaurant","quant",1
"1a",150,10,85,5,"same","orangeJuice","qual",1
"1a",150,80,20,0,"same","lottery","qual",1
"1a",150,0,100,0,"same","restaurant","qual",2
"1a",151,0,100,0,"same","orangeJuice","qual",1
"1a",151,30,70,0,"same","lottery","quant",2
"1a",151,50,50,0,"same","restaurant","qual",2
"1a",152,80,15,5,"same","lottery","qual",1
"1a",152,15,10,75,"same","orangeJuice","qual",1
"1a",152,5,95,0,"same","restaurant","quant",2
"1a",153,30,50,20,"same","lottery","qual",1
"1a",153,100,0,0,"same","orangeJuice","quant",2
"1a",153,50,50,0,"same","restaurant","quant",2
"1a",154,10,70,20,"different","orangeJuice","quant",1
"1a",154,0,100,0,"different","restaurant","qual",2
"1a",154,80,15,5,"different","lottery","quant",1
"1a",155,100,0,0,"same","orangeJuice","qual",2
"1a",155,40,60,0,"same","restaurant","qual",2
"1a",155,75,25,0,"same","lottery","quant",1
"1a",156,80,10,10,"different","lottery","quant",1
"1a",156,0,100,0,"different","orangeJuice","qual",2
"1a",156,70,30,0,"different","restaurant","qual",2
"1a",157,45,45,10,"same","restaurant","quant",1
"1a",157,5,50,45,"same","orangeJuice","qual",1
"1a",157,5,50,45,"same","lottery","quant",2
"1a",158,50,50,0,"same","lottery","qual",2
"1a",158,0,100,0,"same","orangeJuice","quant",2
"1a",158,100,0,0,"same","restaurant","qual",1
"1a",159,100,0,0,"different","lottery","qual",1
"1a",159,100,0,0,"different","orangeJuice","quant",1
"1a",159,100,0,0,"different","restaurant","quant",2
"1a",160,25,50,25,"different","lottery","qual",2
"1a",160,10,50,40,"different","orangeJuice","quant",2
"1a",160,50,40,10,"different","restaurant","qual",2
"1a",161,100,0,0,"same","orangeJuice","quant",1
"1a",161,80,20,0,"same","restaurant","quant",2
"1a",161,60,40,0,"same","lottery","qual",1
"1a",162,75,25,0,"same","lottery","qual",2
"1a",162,100,0,0,"same","restaurant","qual",2
"1a",162,100,0,0,"same","orangeJuice","quant",2
"1a",163,25,75,0,"different","restaurant","qual",1
"1a",163,50,50,0,"different","orangeJuice","qual",2
"1a",163,100,0,0,"different","lottery","qual",2
"1a",164,40,60,0,"same","orangeJuice","qual",1
"1a",164,70,30,0,"same","restaurant","quant",2
"1a",164,60,40,0,"same","lottery","qual",1
"1a",165,50,50,0,"same","lottery","qual",2
"1a",165,0,100,0,"same","restaurant","qual",1
"1a",165,25,75,0,"same","orangeJuice","quant",1
"1a",166,30,50,20,"different","restaurant","quant",1
"1a",166,50,40,10,"different","orangeJuice","qual",1
"1a",166,30,50,20,"different","lottery","qual",1
"1a",167,25,50,25,"same","orangeJuice","quant",1
"1a",167,75,25,0,"same","lottery","qual",2
"1a",167,75,25,0,"same","restaurant","qual",1
"1a",168,100,0,0,"same","orangeJuice","qual",2
"1a",168,40,60,0,"same","lottery","qual",2
"1a",168,100,0,0,"same","restaurant","quant",2
"1a",169,100,0,0,"different","orangeJuice","qual",2
"1a",169,30,70,0,"different","restaurant","quant",2
"1a",169,75,25,0,"different","lottery","quant",2
"1a",170,30,70,0,"same","orangeJuice","quant",1
"1a",170,35,50,15,"same","restaurant","quant",2
"1a",170,75,25,0,"same","lottery","qual",1
"1a",171,80,10,10,"different","restaurant","quant",1
"1a",171,80,10,10,"different","orangeJuice","quant",2
"1a",171,10,80,10,"different","lottery","quant",2
"1a",172,35,35,30,"same","lottery","qual",1
"1a",172,80,10,10,"same","restaurant","qual",2
"1a",172,80,10,10,"same","orangeJuice","qual",2
"1a",173,80,20,0,"same","lottery","quant",1
"1a",173,90,10,0,"same","restaurant","qual",1
"1a",173,80,20,0,"same","orangeJuice","quant",1
"1a",174,70,30,0,"different","orangeJuice","qual",2
"1a",174,90,10,0,"different","restaurant","qual",2
"1a",174,40,45,15,"different","lottery","qual",1
"1a",175,50,50,0,"same","orangeJuice","quant",1
"1a",175,40,60,0,"same","restaurant","qual",2
"1a",175,40,60,0,"same","lottery","qual",2
"1a",176,30,50,20,"different","restaurant","quant",1
"1a",176,100,0,0,"different","orangeJuice","qual",2
"1a",176,100,0,0,"different","lottery","quant",2
"1a",177,50,50,0,"different","orangeJuice","quant",1
"1a",177,30,70,0,"different","lottery","quant",1
"1a",177,75,25,0,"different","restaurant","quant",2
"1a",178,70,30,0,"same","lottery","qual",2
"1a",178,0,60,40,"same","orangeJuice","qual",2
"1a",178,100,0,0,"same","restaurant","quant",1
"1a",179,60,40,0,"same","restaurant","qual",2
"1a",179,80,20,0,"same","lottery","qual",1
"1a",179,80,20,0,"same","orangeJuice","qual",2
"1a",180,99,1,0,"different","orangeJuice","qual",2
"1a",180,20,50,30,"different","lottery","qual",2
"1a",180,90,10,0,"different","restaurant","quant",2
"1a",181,75,20,5,"different","restaurant","qual",1
"1a",181,40,40,20,"different","lottery","qual",2
"1a",181,10,50,40,"different","orangeJuice","quant",2
"1a",182,50,40,10,"same","lottery","qual",1
"1a",182,45,40,15,"same","restaurant","quant",2
"1a",182,25,75,0,"same","orangeJuice","qual",1
"1a",183,45,30,25,"same","orangeJuice","qual",2
"1a",183,90,7,3,"same","restaurant","quant",1
"1a",183,20,70,10,"same","lottery","qual",2
"1a",184,50,25,25,"same","restaurant","qual",1
"1a",184,80,10,10,"same","orangeJuice","qual",2
"1a",184,45,40,15,"same","lottery","qual",2
"1a",185,60,30,10,"same","orangeJuice","quant",2
"1a",185,40,40,20,"same","lottery","qual",1
"1a",185,80,15,5,"same","restaurant","quant",1
"1a",186,100,0,0,"same","lottery","quant",2
"1a",186,0,100,0,"same","restaurant","qual",2
"1a",186,0,100,0,"same","orangeJuice","quant",2
"1a",187,100,0,0,"different","lottery","quant",2
"1a",187,75,25,0,"different","restaurant","qual",1
"1a",187,0,100,0,"different","orangeJuice","qual",1
"1a",188,40,40,20,"same","restaurant","quant",1
"1a",188,20,40,40,"same","orangeJuice","qual",1
"1a",188,50,30,20,"same","lottery","quant",1
"1a",189,29,70,1,"different","lottery","quant",1
"1a",189,40,50,10,"different","restaurant","qual",2
"1a",189,25,70,5,"different","orangeJuice","qual",1
"1a",190,40,45,15,"same","lottery","qual",1
"1a",190,60,30,10,"same","orangeJuice","qual",1
"1a",190,35,45,20,"same","restaurant","qual",1
"1a",191,70,30,0,"different","lottery","quant",1
"1a",191,100,0,0,"different","restaurant","quant",2
"1a",191,70,30,0,"different","orangeJuice","qual",1
"1a",192,30,50,20,"same","lottery","quant",1
"1a",192,10,60,30,"same","orangeJuice","qual",1
"1a",192,40,60,0,"same","restaurant","qual",1
"1a",193,0,100,0,"different","orangeJuice","qual",1
"1a",193,100,0,0,"different","lottery","quant",1
"1a",193,50,50,0,"different","restaurant","qual",2
"1a",194,70,30,0,"different","restaurant","quant",2
"1a",194,75,25,0,"different","lottery","qual",1
"1a",194,80,20,0,"different","orangeJuice","qual",2
"1a",195,75,20,5,"same","lottery","qual",2
"1a",195,10,70,20,"same","orangeJuice","quant",1
"1a",195,50,50,0,"same","restaurant","qual",1
"1a",196,100,0,0,"same","orangeJuice","quant",2
"1a",196,100,0,0,"same","lottery","qual",1
"1a",196,0,60,40,"same","restaurant","qual",2
"1a",197,60,40,0,"different","restaurant","qual",2
"1a",197,70,30,0,"different","lottery","quant",2
"1a",197,10,90,0,"different","orangeJuice","qual",1
"1a",198,5,90,5,"same","lottery","qual",1
"1a",198,40,50,10,"same","orangeJuice","quant",2
"1a",198,60,40,0,"same","restaurant","quant",2
"1a",199,20,70,10,"different","lottery","quant",2
"1a",199,40,60,0,"different","restaurant","quant",2
"1a",199,90,10,0,"different","orangeJuice","quant",1
"1a",200,50,30,20,"same","restaurant","qual",1
"1a",200,50,50,0,"same","orangeJuice","quant",2
"1a",200,30,40,30,"same","lottery","qual",1
"1a",201,60,30,10,"same","restaurant","quant",2
"1a",201,80,10,10,"same","orangeJuice","quant",2
"1a",201,60,30,10,"same","lottery","qual",1
"1a",202,0,90,10,"different","orangeJuice","quant",1
"1a",202,10,90,0,"different","restaurant","quant",1
"1a",202,35,65,0,"different","lottery","quant",1
"1a",203,60,40,0,"different","restaurant","qual",2
"1a",203,100,0,0,"different","lottery","qual",2
"1a",203,10,80,10,"different","orangeJuice","quant",1
"1a",204,30,45,25,"same","restaurant","quant",1
"1a",204,30,40,30,"same","lottery","quant",1
"1a",204,40,50,10,"same","orangeJuice","quant",2
"1a",205,50,30,20,"same","restaurant","quant",2
"1a",205,30,50,20,"same","lottery","qual",1
"1a",205,60,30,10,"same","orangeJuice","quant",1
"1a",206,70,20,10,"same","orangeJuice","quant",2
"1a",206,65,30,5,"same","restaurant","quant",1
"1a",206,35,50,15,"same","lottery","qual",1
"1a",207,40,60,0,"same","lottery","qual",1
"1a",207,60,35,5,"same","orangeJuice","qual",2
"1a",207,70,30,0,"same","restaurant","qual",2
"1a",208,35,50,15,"same","restaurant","qual",2
"1a",208,60,30,10,"same","orangeJuice","quant",1
"1a",208,35,55,10,"same","lottery","quant",1
"1a",209,60,30,10,"same","orangeJuice","qual",1
"1a",209,70,30,0,"same","lottery","quant",1
"1a",209,60,40,0,"same","restaurant","quant",2
"1a",210,100,0,0,"different","orangeJuice","qual",2
"1a",210,30,70,0,"different","restaurant","qual",2
"1a",210,50,40,10,"different","lottery","qual",1
"1a",211,100,0,0,"same","orangeJuice","qual",2
"1a",211,40,60,0,"same","restaurant","qual",1
"1a",211,0,90,10,"same","lottery","quant",2
"1a",212,25,70,5,"different","orangeJuice","qual",1
"1a",212,25,65,10,"different","lottery","quant",1
"1a",212,15,85,0,"different","restaurant","quant",1
"1a",213,20,80,0,"different","restaurant","quant",1
"1a",213,50,50,0,"different","lottery","qual",2
"1a",213,100,0,0,"different","orangeJuice","quant",2
"1a",214,50,45,5,"different","restaurant","quant",2
"1a",214,55,40,5,"different","orangeJuice","quant",1
"1a",214,30,40,30,"different","lottery","qual",2
"1a",215,70,20,10,"same","orangeJuice","qual",1
"1a",215,70,30,0,"same","restaurant","qual",2
"1a",215,30,60,10,"same","lottery","qual",1
"1a",216,30,60,10,"same","restaurant","qual",1
"1a",216,70,20,10,"same","lottery","qual",1
"1a",216,60,40,0,"same","orangeJuice","quant",1
"1a",217,100,0,0,"same","orangeJuice","qual",1
"1a",217,80,20,0,"same","lottery","quant",1
"1a",217,100,0,0,"same","restaurant","qual",1
"1a",218,10,50,40,"different","restaurant","quant",1
"1a",218,50,35,15,"different","lottery","quant",1
"1a",218,45,30,25,"different","orangeJuice","qual",1
"1a",219,35,60,5,"different","orangeJuice","quant",1
"1a",219,90,5,5,"different","lottery","quant",1
"1a",219,0,100,0,"different","restaurant","quant",1
"1a",220,70,15,15,"same","orangeJuice","quant",1
"1a",220,50,40,10,"same","lottery","quant",2
"1a",220,40,30,30,"same","restaurant","quant",2
"1a",221,0,100,0,"different","lottery","qual",1
"1a",221,0,100,0,"different","orangeJuice","quant",1
"1a",221,0,100,0,"different","restaurant","qual",1
"1a",222,60,30,10,"different","lottery","qual",1
"1a",222,80,20,0,"different","orangeJuice","quant",1
"1a",222,50,50,0,"different","restaurant","qual",1
"1a",223,45,55,0,"different","restaurant","quant",2
"1a",223,40,60,0,"different","lottery","quant",2
"1a",223,70,30,0,"different","orangeJuice","quant",2
"1a",224,2,98,0,"same","orangeJuice","quant",2
"1a",224,100,0,0,"same","lottery","quant",1
"1a",224,50,50,0,"same","restaurant","qual",1
"1a",225,20,45,35,"different","lottery","quant",2
"1a",225,50,50,0,"different","orangeJuice","qual",2
"1a",225,45,35,20,"different","restaurant","quant",1
"1a",226,15,70,15,"same","lottery","quant",2
"1a",226,60,20,20,"same","restaurant","quant",1
"1a",226,100,0,0,"same","orangeJuice","qual",2
"1a",227,80,20,0,"different","orangeJuice","qual",2
"1a",227,90,10,0,"different","lottery","quant",1
"1a",227,90,10,0,"different","restaurant","qual",1
"1a",228,100,0,0,"same","orangeJuice","quant",2
"1a",228,95,5,0,"same","lottery","quant",1
"1a",228,60,40,0,"same","restaurant","quant",1
"1a",229,80,10,10,"same","orangeJuice","quant",2
"1a",229,90,10,0,"same","lottery","quant",1
"1a",229,50,40,10,"same","restaurant","qual",2
"1a",230,15,60,25,"different","restaurant","qual",1
"1a",230,70,30,0,"different","orangeJuice","qual",2
"1a",230,40,60,0,"different","lottery","quant",2
"1a",231,15,80,5,"same","restaurant","quant",2
"1a",231,70,20,10,"same","lottery","quant",1
"1a",231,60,25,15,"same","orangeJuice","qual",2
"1a",232,100,0,0,"same","orangeJuice","qual",2
"1a",232,50,50,0,"same","restaurant","qual",2
"1a",232,60,40,0,"same","lottery","qual",1
"1a",233,55,40,5,"same","lottery","qual",1
"1a",233,60,39,1,"same","orangeJuice","qual",2
"1a",233,70,30,0,"same","restaurant","quant",1
"1a",234,80,20,0,"different","restaurant","qual",1
"1a",234,0,100,0,"different","orangeJuice","qual",1
"1a",234,100,0,0,"different","lottery","quant",1
"1a",235,8,90,2,"same","orangeJuice","qual",1
"1a",235,15,80,5,"same","restaurant","quant",2
"1a",235,95,2,3,"same","lottery","qual",1
"1a",236,100,0,0,"different","orangeJuice","qual",2
"1a",236,50,50,0,"different","restaurant","qual",2
"1a",236,33,33,34,"different","lottery","qual",2
"1a",237,100,0,0,"same","restaurant","qual",2
"1a",237,0,100,0,"same","orangeJuice","qual",1
"1a",237,25,75,0,"same","lottery","quant",2
"1a",238,0,100,0,"different","orangeJuice","qual",1
"1a",238,0,100,0,"different","restaurant","quant",1
"1a",238,20,80,0,"different","lottery","qual",2
"1a",239,80,15,5,"same","orangeJuice","qual",2
"1a",239,80,15,5,"same","restaurant","quant",1
"1a",239,70,20,10,"same","lottery","qual",1
"1a",240,70,20,10,"same","restaurant","qual",1
"1a",240,30,70,0,"same","lottery","qual",1
"1a",240,95,5,0,"same","orangeJuice","qual",2
"1a",241,60,30,10,"different","lottery","quant",1
"1a",241,100,0,0,"different","restaurant","quant",1
"1a",241,10,80,10,"different","orangeJuice","quant",1
"1a",242,60,40,0,"different","lottery","quant",2
"1a",242,100,0,0,"different","orangeJuice","qual",2
"1a",242,10,90,0,"different","restaurant","quant",2
"1a",243,60,20,20,"same","restaurant","quant",2
"1a",243,70,20,10,"same","lottery","quant",1
"1a",243,70,20,10,"same","orangeJuice","qual",2
"1a",244,10,60,30,"different","orangeJuice","qual",2
"1a",244,80,10,10,"different","restaurant","qual",1
"1a",244,50,30,20,"different","lottery","qual",2
"1a",245,50,25,25,"different","lottery","qual",1
"1a",245,75,25,0,"different","restaurant","quant",2
"1a",245,75,25,0,"different","orangeJuice","qual",2
"1a",246,60,35,5,"different","restaurant","quant",2
"1a",246,25,75,0,"different","orangeJuice","qual",1
"1a",246,68,32,0,"different","lottery","qual",1
"1a",247,30,50,20,"different","lottery","qual",2
"1a",247,10,90,0,"different","orangeJuice","qual",1
"1a",247,40,60,0,"different","restaurant","qual",2
"1a",248,50,30,20,"same","lottery","quant",1
"1a",248,30,50,20,"same","restaurant","quant",1
"1a",248,20,50,30,"same","orangeJuice","qual",2
"1a",249,30,40,30,"different","orangeJuice","qual",2
"1a",249,10,60,30,"different","lottery","quant",1
"1a",249,10,10,80,"different","restaurant","qual",2
"1a",250,30,70,0,"same","restaurant","qual",1
"1a",250,20,40,40,"same","orangeJuice","qual",1
"1a",250,25,25,50,"same","lottery","qual",2
"1a",251,75,20,5,"same","restaurant","qual",1
"1a",251,5,65,30,"same","orangeJuice","quant",2
"1a",251,60,35,5,"same","lottery","qual",2
"1a",252,0,70,30,"different","lottery","quant",1
"1a",252,40,60,0,"different","restaurant","quant",1
"1a",252,0,100,0,"different","orangeJuice","quant",1
"1a",253,100,0,0,"same","orangeJuice","qual",2
"1a",253,0,100,0,"same","restaurant","quant",2
"1a",253,0,100,0,"same","lottery","qual",1
"1a",254,70,30,0,"same","lottery","quant",1
"1a",254,50,50,0,"same","orangeJuice","quant",1
"1a",254,60,40,0,"same","restaurant","quant",1
"1a",255,30,60,10,"same","lottery","quant",2
"1a",255,80,20,0,"same","orangeJuice","qual",2
"1a",255,10,60,30,"same","restaurant","qual",1
"1a",256,50,30,20,"different","lottery","quant",1
"1a",256,40,50,10,"different","restaurant","qual",1
"1a",256,60,30,10,"different","orangeJuice","quant",1
"1a",257,50,50,0,"different","lottery","quant",1
"1a",257,80,20,0,"different","restaurant","qual",1
"1a",257,30,70,0,"different","orangeJuice","quant",1
"1a",258,25,75,0,"different","lottery","quant",2
"1a",258,50,50,0,"different","restaurant","qual",1
"1a",258,50,50,0,"different","orangeJuice","qual",1
"1a",259,100,0,0,"same","orangeJuice","quant",2
"1a",259,80,15,5,"same","lottery","quant",1
"1a",259,100,0,0,"same","restaurant","quant",2
"1a",260,30,50,20,"different","orangeJuice","quant",2
"1a",260,40,40,20,"different","lottery","quant",1
"1a",260,50,40,10,"different","restaurant","qual",1
"1a",261,30,50,20,"different","restaurant","quant",1
"1a",261,20,50,30,"different","lottery","quant",1
"1a",261,60,10,30,"different","orangeJuice","quant",2
"1a",262,75,20,5,"different","orangeJuice","quant",2
"1a",262,50,25,25,"different","restaurant","qual",1
"1a",262,20,70,10,"different","lottery","quant",2
"1a",263,15,85,0,"different","orangeJuice","qual",1
"1a",263,45,35,20,"different","restaurant","qual",1
"1a",263,60,25,15,"different","lottery","qual",1
"1a",264,10,60,30,"same","orangeJuice","qual",1
"1a",264,20,60,20,"same","restaurant","qual",2
"1a",264,50,50,0,"same","lottery","quant",1
"1a",265,50,35,15,"same","orangeJuice","quant",1
"1a",265,40,30,30,"same","restaurant","qual",1
"1a",265,80,10,10,"same","lottery","qual",1
"1a",266,75,25,0,"same","lottery","qual",1
"1a",266,95,5,0,"same","restaurant","quant",2
"1a",266,95,5,0,"same","orangeJuice","quant",2
"1a",267,15,50,35,"same","lottery","quant",1
"1a",267,60,40,0,"same","orangeJuice","quant",2
"1a",267,40,60,0,"same","restaurant","qual",2
"1a",268,80,10,10,"same","restaurant","qual",1
"1a",268,50,25,25,"same","orangeJuice","quant",2
"1a",268,40,50,10,"same","lottery","qual",1
"1a",269,35,55,10,"different","orangeJuice","qual",2
"1a",269,50,50,0,"different","lottery","quant",1
"1a",269,45,55,0,"different","restaurant","qual",1
"1a",270,50,40,10,"different","orangeJuice","quant",2
"1a",270,40,40,20,"different","restaurant","qual",2
"1a",270,75,10,15,"different","lottery","quant",1
"1a",271,100,0,0,"same","lottery","quant",1
"1a",271,50,50,0,"same","orangeJuice","quant",1
"1a",271,50,50,0,"same","restaurant","qual",1
"1a",272,15,85,0,"different","orangeJuice","qual",1
"1a",272,80,20,0,"different","restaurant","qual",2
"1a",272,25,40,35,"different","lottery","qual",2
"1a",273,1,98,1,"different","restaurant","quant",2
"1a",273,25,65,10,"different","lottery","qual",2
"1a",273,100,0,0,"different","orangeJuice","qual",2
"1a",274,40,60,0,"different","lottery","quant",2
"1a",274,90,10,0,"different","orangeJuice","qual",2
"1a",274,70,30,0,"different","restaurant","quant",2
"1a",275,30,50,20,"different","lottery","qual",2
"1a",275,100,0,0,"different","orangeJuice","qual",2
"1a",275,50,50,0,"different","restaurant","qual",1
"1a",276,10,60,30,"same","orangeJuice","qual",1
"1a",276,30,60,10,"same","lottery","qual",1
"1a",276,50,30,20,"same","restaurant","qual",1
"1a",277,75,15,10,"same","orangeJuice","quant",1
"1a",277,40,50,10,"same","restaurant","qual",1
"1a",277,75,20,5,"same","lottery","quant",2
"1a",278,80,15,5,"different","orangeJuice","quant",1
"1a",278,75,25,0,"different","lottery","qual",2
"1a",278,75,25,0,"different","restaurant","qual",1
"1a",279,5,70,25,"same","orangeJuice","qual",1
"1a",279,10,20,70,"same","lottery","qual",2
"1a",279,30,70,0,"same","restaurant","qual",1
"1a",280,30,60,10,"same","restaurant","quant",2
"1a",280,40,40,20,"same","lottery","quant",2
"1a",280,10,60,30,"same","orangeJuice","qual",2
"1a",281,0,100,0,"different","lottery","quant",1
"1a",281,0,100,0,"different","orangeJuice","quant",2
"1a",281,100,0,0,"different","restaurant","qual",2
"1a",282,50,25,25,"same","restaurant","quant",2
"1a",282,75,15,10,"same","lottery","qual",2
"1a",282,40,50,10,"same","orangeJuice","qual",2
"1a",283,40,50,10,"same","orangeJuice","quant",1
"1a",283,40,50,10,"same","lottery","quant",2
"1a",283,70,20,10,"same","restaurant","qual",1
"1a",284,35,65,0,"same","orangeJuice","quant",1
"1a",284,85,15,0,"same","lottery","qual",2
"1a",284,100,0,0,"same","restaurant","qual",2
"1a",285,30,50,20,"different","restaurant","qual",1
"1a",285,60,20,20,"different","orangeJuice","qual",2
"1a",285,70,25,5,"different","lottery","quant",1
"1a",286,75,5,20,"same","orangeJuice","qual",1
"1a",286,50,50,0,"same","restaurant","qual",2
"1a",286,10,40,50,"same","lottery","quant",2
"1a",287,20,20,60,"same","orangeJuice","qual",2
"1a",287,80,10,10,"same","lottery","quant",2
"1a",287,30,50,20,"same","restaurant","quant",1
"1a",288,80,10,10,"different","orangeJuice","quant",2
"1a",288,40,50,10,"different","restaurant","quant",2
"1a",288,40,50,10,"different","lottery","quant",1
"1a",289,40,30,30,"same","restaurant","qual",2
"1a",289,80,15,5,"same","lottery","qual",2
"1a",289,30,20,50,"same","orangeJuice","qual",1
"1a",290,75,25,0,"different","restaurant","quant",1
"1a",290,35,60,5,"different","orangeJuice","qual",1
"1a",290,60,40,0,"different","lottery","quant",1
"1a",291,60,30,10,"same","lottery","quant",1
"1a",291,100,0,0,"same","orangeJuice","quant",2
"1a",291,100,0,0,"same","restaurant","qual",2
"1a",292,30,40,30,"same","lottery","quant",1
"1a",292,75,15,10,"same","orangeJuice","qual",1
"1a",292,75,15,10,"same","restaurant","qual",2
"1a",293,80,10,10,"same","restaurant","qual",2
"1a",293,40,30,30,"same","orangeJuice","quant",1
"1a",293,15,50,35,"same","lottery","quant",2
"1a",294,25,70,5,"same","restaurant","quant",1
"1a",294,15,80,5,"same","orangeJuice","quant",1
"1a",294,95,3,2,"same","lottery","qual",2
"1a",295,50,30,20,"same","lottery","qual",1
"1a",295,50,30,20,"same","orangeJuice","qual",2
"1a",295,20,30,50,"same","restaurant","quant",1
"1a",296,70,20,10,"same","restaurant","qual",1
"1a",296,10,20,70,"same","lottery","qual",2
"1a",296,20,70,10,"same","orangeJuice","quant",1
"1a",297,68,32,0,"same","restaurant","quant",1
"1a",297,40,45,15,"same","lottery","qual",1
"1a",297,40,60,0,"same","orangeJuice","quant",1
"1a",298,20,60,20,"same","restaurant","quant",2
"1a",298,34,33,33,"same","lottery","qual",2
"1a",298,20,50,30,"same","orangeJuice","quant",2
"1a",299,20,70,10,"same","restaurant","quant",2
"1a",299,10,70,20,"same","lottery","quant",1
"1a",299,0,80,20,"same","orangeJuice","qual",2
"1a",300,30,70,0,"same","restaurant","qual",2
"1a",300,10,90,0,"same","lottery","quant",2
"1a",300,20,40,40,"same","orangeJuice","qual",2
"1a",301,40,35,25,"same","orangeJuice","quant",1
"1a",301,45,40,15,"same","restaurant","qual",2
"1a",301,30,20,50,"same","lottery","qual",2
"1a",302,10,10,80,"different","lottery","qual",2
"1a",302,20,80,0,"different","orangeJuice","qual",1
"1a",302,20,60,20,"different","restaurant","quant",1
"1a",303,20,75,5,"same","lottery","qual",1
"1a",303,60,30,10,"same","orangeJuice","quant",1
"1a",303,25,70,5,"same","restaurant","qual",1
"1a",304,23,77,0,"different","orangeJuice","qual",1
"1a",304,10,90,0,"different","restaurant","qual",1
"1a",304,0,100,0,"different","lottery","quant",2
"1a",305,40,60,0,"different","orangeJuice","quant",2
"1a",305,50,45,5,"different","lottery","quant",1
"1a",305,50,50,0,"different","restaurant","quant",2
"1a",306,70,15,15,"same","lottery","quant",1
"1a",306,100,0,0,"same","orangeJuice","qual",2
"1a",306,80,20,0,"same","restaurant","quant",2
"1a",307,80,20,0,"same","lottery","qual",1
"1a",307,10,90,0,"same","restaurant","qual",1
"1a",307,90,2,8,"same","orangeJuice","qual",1
"1a",308,50,35,15,"same","lottery","quant",1
"1a",308,60,20,20,"same","restaurant","quant",1
"1a",308,5,75,20,"same","orangeJuice","quant",2
"1a",309,70,30,0,"different","restaurant","qual",2
"1a",309,100,0,0,"different","orangeJuice","quant",2
"1a",309,50,50,0,"different","lottery","qual",2
"1a",310,85,15,0,"different","orangeJuice","qual",1
"1a",310,30,70,0,"different","restaurant","quant",2
"1a",310,100,0,0,"different","lottery","qual",2
"1a",311,80,20,0,"same","restaurant","quant",2
"1a",311,0,90,10,"same","orangeJuice","qual",1
"1a",311,100,0,0,"same","lottery","quant",1
"1a",312,75,0,25,"same","orangeJuice","qual",1
"1a",312,75,25,0,"same","restaurant","quant",1
"1a",312,60,25,15,"same","lottery","qual",1
"1a",313,40,60,0,"same","restaurant","quant",1
"1a",313,5,75,20,"same","orangeJuice","qual",1
"1a",313,60,35,5,"same","lottery","qual",1
"1a",314,20,80,0,"different","orangeJuice","quant",1
"1a",314,100,0,0,"different","lottery","quant",1
"1a",314,100,0,0,"different","restaurant","qual",1
"1a",315,60,40,0,"different","orangeJuice","quant",2
"1a",315,50,50,0,"different","restaurant","qual",2
"1a",315,70,30,0,"different","lottery","qual",2
"1a",316,50,50,0,"same","lottery","quant",1
"1a",316,0,60,40,"same","orangeJuice","quant",2
"1a",316,0,50,50,"same","restaurant","quant",2
"1a",317,30,70,0,"different","orangeJuice","quant",1
"1a",317,85,15,0,"different","lottery","qual",1
"1a",317,10,90,0,"different","restaurant","qual",2
"1a",318,80,10,10,"different","restaurant","qual",1
"1a",318,100,0,0,"different","orangeJuice","qual",1
"1a",318,0,100,0,"different","lottery","quant",2
"1a",319,100,0,0,"same","orangeJuice","quant",2
"1a",319,25,50,25,"same","restaurant","qual",1
"1a",319,50,25,25,"same","lottery","qual",1
"1a",320,30,50,20,"different","lottery","quant",1
"1a",320,60,30,10,"different","orangeJuice","qual",2
"1a",320,40,60,0,"different","restaurant","quant",2
"1a",321,20,40,40,"same","orangeJuice","qual",2
"1a",321,60,20,20,"same","lottery","quant",1
"1a",321,50,30,20,"same","restaurant","qual",1
"1a",322,20,70,10,"different","lottery","qual",2
"1a",322,20,80,0,"different","restaurant","qual",2
"1a",322,15,5,80,"different","orangeJuice","qual",1
"1a",323,85,10,5,"different","restaurant","qual",1
"1a",323,80,10,10,"different","orangeJuice","qual",2
"1a",323,20,70,10,"different","lottery","qual",1
"1a",324,100,0,0,"same","restaurant","quant",2
"1a",324,25,75,0,"same","orangeJuice","quant",1
"1a",324,25,0,75,"same","lottery","qual",2
"1a",325,10,60,30,"same","orangeJuice","qual",2
"1a",325,40,45,15,"same","lottery","quant",1
"1a",325,20,50,30,"same","restaurant","qual",2
"1a",326,75,15,10,"same","lottery","quant",1
"1a",326,33,34,33,"same","orangeJuice","quant",2
"1a",326,40,30,30,"same","restaurant","quant",2
"1a",327,80,10,10,"different","lottery","qual",1
"1a",327,50,50,0,"different","restaurant","qual",1
"1a",327,80,10,10,"different","orangeJuice","qual",2
"1a",328,0,90,10,"different","lottery","quant",2
"1a",328,75,25,0,"different","orangeJuice","quant",1
"1a",328,85,10,5,"different","restaurant","qual",2
"1a",329,100,0,0,"same","orangeJuice","quant",2
"1a",329,100,0,0,"same","lottery","qual",2
"1a",329,90,10,0,"same","restaurant","qual",1
"1a",330,30,50,20,"different","restaurant","qual",1
"1a",330,15,50,35,"different","lottery","qual",2
"1a",330,50,30,20,"different","orangeJuice","quant",2
"1a",331,25,50,25,"different","orangeJuice","qual",2
"1a",331,50,35,15,"different","lottery","qual",1
"1a",331,35,50,15,"different","restaurant","quant",1
"1a",332,10,90,0,"same","orangeJuice","qual",1
"1a",332,35,55,10,"same","lottery","quant",2
"1a",332,10,90,0,"same","restaurant","qual",1
"1a",333,10,80,10,"different","orangeJuice","quant",2
"1a",333,20,80,0,"different","restaurant","quant",1
"1a",333,0,100,0,"different","lottery","quant",1
"1a",334,20,80,0,"different","orangeJuice","quant",2
"1a",334,50,50,0,"different","lottery","quant",2
"1a",334,0,100,0,"different","restaurant","quant",2
"1a",335,75,25,0,"different","lottery","quant",1
"1a",335,10,80,10,"different","orangeJuice","quant",2
"1a",335,75,25,0,"different","restaurant","qual",1
"1a",336,40,60,0,"different","orangeJuice","quant",2
"1a",336,90,10,0,"different","restaurant","quant",2
"1a",336,40,60,0,"different","lottery","quant",2
"1a",337,30,45,25,"different","lottery","qual",1
"1a",337,40,60,0,"different","orangeJuice","qual",1
"1a",337,75,25,0,"different","restaurant","qual",2
"1a",338,37,43,20,"same","restaurant","qual",1
"1a",338,40,55,5,"same","orangeJuice","quant",1
"1a",338,33,34,33,"same","lottery","qual",2
"1a",339,10,60,30,"same","lottery","qual",2
"1a",339,55,25,20,"same","orangeJuice","qual",1
"1a",339,20,70,10,"same","restaurant","quant",2
"1a",340,45,30,25,"same","orangeJuice","quant",2
"1a",340,70,20,10,"same","lottery","qual",1
"1a",340,30,50,20,"same","restaurant","quant",2
"1a",341,90,10,0,"different","restaurant","qual",2
"1a",341,85,15,0,"different","orangeJuice","quant",2
"1a",341,50,50,0,"different","lottery","qual",1
"1a",342,75,20,5,"different","restaurant","quant",1
"1a",342,55,30,15,"different","orangeJuice","quant",2
"1a",342,100,0,0,"different","lottery","quant",2
"1a",343,50,40,10,"different","restaurant","quant",1
"1a",343,55,45,0,"different","orangeJuice","quant",1
"1a",343,20,40,40,"different","lottery","qual",2
"1a",344,60,30,10,"same","restaurant","quant",1
"1a",344,30,50,20,"same","lottery","qual",1
"1a",344,20,70,10,"same","orangeJuice","quant",1
"1a",345,10,85,5,"same","restaurant","qual",1
"1a",345,15,80,5,"same","lottery","quant",1
"1a",345,90,5,5,"same","orangeJuice","qual",2
"1a",346,30,70,0,"different","orangeJuice","quant",1
"1a",346,40,60,0,"different","restaurant","quant",2
"1a",346,15,75,10,"different","lottery","quant",2
"1a",347,100,0,0,"same","orangeJuice","quant",2
"1a",347,25,75,0,"same","restaurant","quant",1
"1a",347,0,0,100,"same","lottery","quant",2
"1a",348,60,30,10,"same","restaurant","quant",2
"1a",348,50,30,20,"same","orangeJuice","qual",1
"1a",348,25,20,55,"same","lottery","qual",2
"1a",349,60,40,0,"same","orangeJuice","quant",1
"1a",349,0,100,0,"same","restaurant","quant",2
"1a",349,60,40,0,"same","lottery","quant",1
"1a",350,30,20,50,"different","lottery","qual",2
"1a",350,60,40,0,"different","restaurant","qual",2
"1a",350,100,0,0,"different","orangeJuice","quant",2
"1a",351,25,50,25,"same","lottery","qual",1
"1a",351,35,65,0,"same","restaurant","quant",2
"1a",351,15,65,20,"same","orangeJuice","quant",1
"1a",352,60,40,0,"different","orangeJuice","qual",1
"1a",352,30,40,30,"different","lottery","quant",1
"1a",352,55,45,0,"different","restaurant","qual",1
"1a",353,30,50,20,"same","restaurant","quant",1
"1a",353,20,75,5,"same","lottery","qual",1
"1a",353,55,35,10,"same","orangeJuice","quant",1
"1a",354,100,0,0,"same","lottery","qual",2
"1a",354,90,10,0,"same","orangeJuice","qual",2
"1a",354,25,75,0,"same","restaurant","quant",1
"1a",355,20,80,0,"same","orangeJuice","qual",2
"1a",355,80,20,0,"same","restaurant","quant",1
"1a",355,30,30,40,"same","lottery","qual",2
"1a",356,40,40,20,"same","restaurant","qual",2
"1a",356,60,30,10,"same","lottery","qual",2
"1a",356,70,30,0,"same","orangeJuice","qual",2
"1a",357,10,90,0,"same","restaurant","qual",1
"1a",357,100,0,0,"same","orangeJuice","quant",1
"1a",357,50,50,0,"same","lottery","qual",1
"1a",358,25,65,10,"different","orangeJuice","quant",2
"1a",358,50,30,20,"different","restaurant","quant",1
"1a",358,20,70,10,"different","lottery","quant",2
"1a",359,50,25,25,"different","lottery","quant",1
"1a",359,50,40,10,"different","restaurant","quant",1
"1a",359,20,30,50,"different","orangeJuice","qual",1
"1a",360,20,80,0,"same","restaurant","quant",2
"1a",360,60,30,10,"same","lottery","qual",2
"1a",360,50,50,0,"same","orangeJuice","quant",2
"1a",361,15,35,50,"different","lottery","qual",2
"1a",361,5,90,5,"different","orangeJuice","quant",1
"1a",361,30,60,10,"different","restaurant","quant",1
"1a",362,40,10,50,"same","orangeJuice","qual",1
"1a",362,35,50,15,"same","restaurant","quant",2
"1a",362,20,30,50,"same","lottery","quant",2
"1a",363,55,45,0,"same","restaurant","qual",2
"1a",363,60,20,20,"same","lottery","qual",2
"1a",363,10,90,0,"same","orangeJuice","quant",2
"1a",364,80,20,0,"same","lottery","qual",1
"1a",364,0,90,10,"same","orangeJuice","qual",1
"1a",364,50,50,0,"same","restaurant","quant",1
"1a",365,30,50,20,"same","lottery","quant",1
"1a",365,30,70,0,"same","restaurant","qual",1
"1a",365,15,60,25,"same","orangeJuice","qual",2
"1a",366,19,80,1,"different","orangeJuice","quant",1
"1a",366,80,20,0,"different","restaurant","qual",2
"1a",366,75,20,5,"different","lottery","quant",1
"1a",367,75,25,0,"same","restaurant","qual",1
"1a",367,40,40,20,"same","lottery","quant",2
"1a",367,100,0,0,"same","orangeJuice","quant",2
"1a",368,75,25,0,"same","lottery","qual",1
"1a",368,30,60,10,"same","restaurant","quant",2
"1a",368,25,65,10,"same","orangeJuice","qual",1
"1a",369,10,80,10,"different","orangeJuice","quant",1
"1a",369,10,80,10,"different","restaurant","quant",1
"1a",369,80,10,10,"different","lottery","quant",1
"1a",370,75,25,0,"same","lottery","quant",1
"1a",370,0,75,25,"same","orangeJuice","qual",1
"1a",370,30,70,0,"same","restaurant","qual",1
"1a",371,100,0,0,"same","restaurant","qual",1
"1a",371,5,75,20,"same","orangeJuice","qual",2
"1a",371,100,0,0,"same","lottery","quant",1
"1a",372,100,0,0,"different","lottery","qual",1
"1a",372,100,0,0,"different","orangeJuice","qual",2
"1a",372,0,100,0,"different","restaurant","qual",2
