"exp","subject","competitor","target","group","question","type","decoy_side"
"1b",1,100,0,"different","lottery","quant",2
"1b",1,50,50,"different","orangeJuice","qual",2
"1b",1,25,75,"different","restaurant","quant",1
"1b",2,50,50,"different","lottery","quant",2
"1b",2,70,30,"different","restaurant","qual",2
"1b",2,0,100,"different","orangeJuice","qual",1
"1b",3,0,100,"same","lottery","quant",2
"1b",3,0,100,"same","orangeJuice","quant",1
"1b",3,100,0,"same","restaurant","qual",1
"1b",4,45,55,"different","restaurant","quant",1
"1b",4,100,0,"different","orangeJuice","qual",1
"1b",4,10,90,"different","lottery","quant",2
"1b",5,70,30,"same","restaurant","qual",2
"1b",5,40,60,"same","lottery","quant",1
"1b",5,50,50,"same","orangeJuice","quant",2
"1b",6,80,20,"different","orangeJuice","quant",1
"1b",6,40,60,"different","lottery","qual",1
"1b",6,50,50,"different","restaurant","quant",2
"1b",7,55,45,"different","restaurant","quant",2
"1b",7,30,70,"different","orangeJuice","quant",1
"1b",7,80,20,"different","lottery","quant",1
"1b",8,40,60,"different","orangeJuice","qual",2
"1b",8,10,90,"different","lottery","qual",2
"1b",8,10,90,"different","restaurant","quant",2
"1b",9,80,20,"same","lottery","qual",2
"1b",9,40,60,"same","orangeJuice","quant",2
"1b",9,30,70,"same","restaurant","quant",1
"1b",10,75,25,"different","lottery","qual",2
"1b",10,50,50,"different","orangeJuice","quant",2
"1b",10,0,100,"different","restaurant","qual",2
"1b",11,60,40,"different","orangeJuice","qual",1
"1b",11,30,70,"different","lottery","qual",2
"1b",11,10,90,"different","restaurant","quant",1
"1b",12,75,25,"same","restaurant","qual",1
"1b",12,50,50,"same","orangeJuice","quant",1
"1b",12,30,70,"same","lottery","qual",2
"1b",13,80,20,"different","orangeJuice","qual",1
"1b",13,100,0,"different","lottery","qual",1
"1b",13,50,50,"different","restaurant","quant",1
"1b",14,45,55,"different","restaurant","qual",2
"1b",14,75,25,"different","orangeJuice","qual",1
"1b",14,50,50,"different","lottery","qual",2
"1b",15,60,40,"same","restaurant","qual",2
"1b",15,70,30,"same","lottery","qual",1
"1b",15,20,80,"same","orangeJuice","qual",2
"1b",16,70,30,"different","orangeJuice","quant",1
"1b",16,40,60,"different","restaurant","qual",1
"1b",16,100,0,"different","lottery","quant",1
"1b",17,75,25,"same","lottery","qual",1
"1b",17,25,75,"same","orangeJuice","quant",1
"1b",17,25,75,"same","restaurant","quant",1
"1b",18,40,60,"same","restaurant","quant",1
"1b",18,100,0,"same","orangeJuice","qual",2
"1b",18,70,30,"same","lottery","qual",2
"1b",19,30,70,"same","lottery","qual",1
"1b",19,90,10,"same","orangeJuice","quant",2
"1b",19,0,100,"same","restaurant","qual",1
"1b",20,40,60,"same","lottery","qual",1
"1b",20,80,20,"same","restaurant","quant",1
"1b",20,30,70,"same","orangeJuice","quant",2
"1b",21,60,40,"different","orangeJuice","quant",1
"1b",21,25,75,"different","restaurant","quant",2
"1b",21,0,100,"different","lottery","qual",1
"1b",22,60,40,"different","orangeJuice","quant",1
"1b",22,0,100,"different","lottery","quant",1
"1b",22,80,20,"different","restaurant","qual",2
"1b",23,20,80,"different","lottery","quant",2
"1b",23,30,70,"different","orangeJuice","qual",1
"1b",23,80,20,"different","restaurant","quant",1
"1b",24,70,30,"same","restaurant","qual",2
"1b",24,35,65,"same","lottery","quant",2
"1b",24,60,40,"same","orangeJuice","quant",1
"1b",25,100,0,"same","lottery","quant",1
"1b",25,60,40,"same","orangeJuice","qual",2
"1b",25,60,40,"same","restaurant","quant",2
"1b",26,30,70,"same","orangeJuice","quant",1
"1b",26,85,15,"same","restaurant","quant",1
"1b",26,20,80,"same","lottery","quant",1
"1b",27,5,95,"different","lottery","qual",1
"1b",27,100,0,"different","orangeJuice","quant",1
"1b",27,50,50,"different","restaurant","qual",1
"1b",28,60,40,"different","orangeJuice","qual",2
"1b",28,90,10,"different","lottery","qual",2
"1b",28,80,20,"different","restaurant","quant",1
"1b",29,85,15,"different","orangeJuice","quant",2
"1b",29,45,55,"different","lottery","qual",1
"1b",29,70,30,"different","restaurant","quant",2
"1b",30,60,40,"different","lottery","qual",2
"1b",30,20,80,"different","orangeJuice","qual",1
"1b",30,70,30,"different","restaurant","qual",2
"1b",31,20,80,"different","orangeJuice","quant",1
"1b",31,10,90,"different","lottery","qual",1
"1b",31,60,40,"different","restaurant","quant",1
"1b",32,60,40,"different","restaurant","quant",1
"1b",32,10,90,"different","orangeJuice","quant",2
"1b",32,90,10,"different","lottery","qual",2
"1b",33,98,2,"same","restaurant","quant",1
"1b",33,100,0,"same","lottery","qual",1
"1b",33,30,70,"same","orangeJuice","quant",1
"1b",34,30,70,"different","orangeJuice","quant",2
"1b",34,40,60,"different","lottery","quant",2
"1b",34,0,100,"different","restaurant","quant",2
"1b",35,40,60,"different","orangeJuice","qual",2
"1b",35,30,70,"different","restaurant","qual",2
"1b",35,55,45,"different","lottery","qual",1
"1b",36,75,25,"same","lottery","quant",2
"1b",36,50,50,"same","restaurant","quant",1
"1b",36,75,25,"same","orangeJuice","quant",1
"1b",37,95,5,"same","restaurant","quant",1
"1b",37,50,50,"same","lottery","qual",1
"1b",37,65,35,"same","orangeJuice","quant",1
"1b",38,30,70,"different","lottery","quant",2
"1b",38,20,80,"different","orangeJuice","qual",1
"1b",38,50,50,"different","restaurant","quant",2
"1b",39,90,10,"same","lottery","quant",1
"1b",39,5,95,"same","restaurant","qual",1
"1b",39,90,10,"same","orangeJuice","quant",1
"1b",40,100,0,"different","orangeJuice","quant",2
"1b",40,30,70,"different","restaurant","qual",1
"1b",40,100,0,"different","lottery","quant",2
"1b",41,75,25,"different","lottery","quant",1
"1b",41,60,40,"different","restaurant","qual",2
"1b",41,25,75,"different","orangeJuice","quant",1
"1b",42,70,30,"same","restaurant","qual",1
"1b",42,25,75,"same","orangeJuice","quant",1
"1b",42,5,95,"same","lottery","quant",2
"1b",43,20,80,"same","orangeJuice","quant",1
"1b",43,30,70,"same","lottery","qual",2
"1b",43,10,90,"same","restaurant","quant",1
"1b",44,40,60,"different","orangeJuice","quant",1
"1b",44,100,0,"different","lottery","qual",1
"1b",44,50,50,"different","restaurant","qual",2
"1b",45,60,40,"same","orangeJuice","quant",1
"1b",45,40,60,"same","restaurant","qual",1
"1b",45,60,40,"same","lottery","quant",2
"1b",46,90,10,"same","restaurant","quant",2
"1b",46,2,98,"same","lottery","quant",1
"1b",46,60,40,"same","orangeJuice","quant",2
"1b",47,30,70,"different","restaurant","quant",1
"1b",47,0,100,"different","lottery","qual",1
"1b",47,50,50,"different","orangeJuice","qual",1
"1b",48,65,35,"same","orangeJuice","quant",2
"1b",48,90,10,"same","restaurant","quant",1
"1b",48,100,0,"same","lottery","qual",1
"1b",49,30,70,"different","lottery","quant",2
"1b",49,10,90,"different","restaurant","quant",2
"1b",49,90,10,"different","orangeJuice","qual",2
"1b",50,25,75,"same","orangeJuice","qual",2
"1b",50,10,90,"same","lottery","quant",2
"1b",50,80,20,"same","restaurant","qual",2
"1b",51,80,20,"different","restaurant","quant",2
"1b",51,100,0,"different","orangeJuice","qual",2
"1b",51,95,5,"different","lottery","quant",2
"1b",52,80,20,"different","orangeJuice","qual",2
"1b",52,40,60,"different","restaurant","quant",1
"1b",52,30,70,"different","lottery","qual",1
"1b",53,70,30,"different","lottery","qual",2
"1b",53,100,0,"different","orangeJuice","qual",2
"1b",53,100,0,"different","restaurant","qual",2
"1b",54,100,0,"different","lottery","qual",2
"1b",54,0,100,"different","orangeJuice","qual",2
"1b",54,0,100,"different","restaurant","qual",2
"1b",55,25,75,"same","lottery","qual",1
"1b",55,0,100,"same","orangeJuice","qual",1
"1b",55,0,100,"same","restaurant","qual",1
"1b",56,10,90,"same","lottery","qual",1
"1b",56,40,60,"same","orangeJuice","qual",1
"1b",56,35,65,"same","restaurant","quant",1
"1b",57,60,40,"same","orangeJuice","quant",1
"1b",57,70,30,"same","lottery","qual",2
"1b",57,30,70,"same","restaurant","quant",2
"1b",58,70,30,"different","orangeJuice","quant",2
"1b",58,40,60,"different","lottery","quant",2
"1b",58,50,50,"different","restaurant","quant",2
"1b",59,100,0,"same","orangeJuice","qual",2
"1b",59,25,75,"same","restaurant","qual",2
"1b",59,35,65,"same","lottery","qual",1
"1b",60,80,20,"different","restaurant","quant",1
"1b",60,30,70,"different","lottery","quant",1
"1b",60,100,0,"different","orangeJuice","qual",1
"1b",61,75,25,"different","restaurant","quant",1
"1b",61,50,50,"different","lottery","qual",2
"1b",61,25,75,"different","orangeJuice","quant",2
"1b",62,60,40,"same","restaurant","qual",2
"1b",62,70,30,"same","orangeJuice","qual",1
"1b",62,50,50,"same","lottery","quant",2
"1b",63,50,50,"different","lottery","qual",2
"1b",63,100,0,"different","orangeJuice","quant",2
"1b",63,40,60,"different","restaurant","qual",1
"1b",64,30,70,"same","lottery","qual",1
"1b",64,10,90,"same","orangeJuice","qual",2
"1b",64,40,60,"same","restaurant","quant",1
"1b",65,80,20,"same","restaurant","quant",2
"1b",65,60,40,"same","orangeJuice","quant",1
"1b",65,30,70,"same","lottery","quant",1
"1b",66,25,75,"same","lottery","quant",2
"1b",66,80,20,"same","restaurant","qual",2
"1b",66,100,0,"same","orangeJuice","qual",2
"1b",67,75,25,"different","restaurant","quant",2
"1b",67,60,40,"different","lottery","qual",1
"1b",67,90,10,"different","orangeJuice","qual",1
"1b",68,30,70,"same","lottery","qual",1
"1b",68,20,80,"same","orangeJuice","qual",1
"1b",68,60,40,"same","restaurant","qual",2
"1b",69,80,20,"same","orangeJuice","qual",2
"1b",69,20,80,"same","restaurant","quant",2
"1b",69,75,25,"same","lottery","qual",2
"1b",70,30,70,"same","orangeJuice","qual",2
"1b",70,60,40,"same","lottery","quant",2
"1b",70,20,80,"same","restaurant","qual",1
"1b",71,30,70,"same","orangeJuice","quant",1
"1b",71,25,75,"same","restaurant","quant",2
"1b",71,20,80,"same","lottery","quant",2
"1b",72,30,70,"different","restaurant","qual",2
"1b",72,50,50,"different","lottery","quant",1
"1b",72,20,80,"different","orangeJuice","quant",1
"1b",73,75,25,"different","restaurant","qual",1
"1b",73,75,25,"different","orangeJuice","qual",2
"1b",73,100,0,"different","lottery","qual",1
"1b",74,75,25,"different","lottery","qual",2
"1b",74,90,10,"different","restaurant","quant",2
"1b",74,100,0,"different","orangeJuice","qual",2
"1b",75,50,50,"different","restaurant","quant",2
"1b",75,10,90,"different","orangeJuice","quant",1
"1b",75,25,75,"different","lottery","quant",2
"1b",76,80,20,"same","orangeJuice","quant",2
"1b",76,40,60,"same","lottery","qual",1
"1b",76,90,10,"same","restaurant","qual",2
"1b",77,0,100,"same","orangeJuice","quant",2
"1b",77,0,100,"same","lottery","qual",2
"1b",77,60,40,"same","restaurant","qual",1
"1b",78,65,35,"different","restaurant","quant",2
"1b",78,25,75,"different","lottery","qual",2
"1b",78,0,100,"different","orangeJuice","qual",1
"1b",79,0,100,"same","restaurant","qual",1
"1b",79,100,0,"same","orangeJuice","qual",1
"1b",79,50,50,"same","lottery","qual",2
"1b",80,10,90,"different","orangeJuice","quant",1
"1b",80,70,30,"different","restaurant","quant",2
"1b",80,70,30,"different","lottery","quant",1
"1b",81,35,65,"same","lottery","quant",2
"1b",81,80,20,"same","restaurant","qual",2
"1b",81,55,45,"same","orangeJuice","quant",2
"1b",82,60,40,"same","restaurant","quant",2
"1b",82,65,35,"same","lottery","quant",1
"1b",82,20,80,"same","orangeJuice","quant",1
"1b",83,20,80,"different","orangeJuice","quant",2
"1b",83,30,70,"different","restaurant","quant",2
"1b",83,40,60,"different","lottery","qual",1
"1b",84,40,60,"same","restaurant","qual",1
"1b",84,40,60,"same","orangeJuice","qual",1
"1b",84,20,80,"same","lottery","quant",2
"1b",85,70,30,"same","restaurant","qual",2
"1b",85,40,60,"same","lottery","quant",1
"1b",85,20,80,"same","orangeJuice","qual",1
"1b",86,30,70,"same","lottery","quant",2
"1b",86,70,30,"same","restaurant","quant",2
"1b",86,60,40,"same","orangeJuice","qual",2
"1b",87,100,0,"different","lottery","qual",2
"1b",87,100,0,"different","orangeJuice","qual",1
"1b",87,50,50,"different","restaurant","quant",2
"1b",88,75,25,"different","lottery","qual",2
"1b",88,40,60,"different","restaurant","qual",1
"1b",88,45,55,"different","orangeJuice","quant",2
"1b",89,75,25,"same","orangeJuice","qual",2
"1b",89,0,100,"same","restaurant","quant",2
"1b",89,100,0,"same","lottery","qual",1
"1b",90,100,0,"different","orangeJuice","quant",1
"1b",90,75,25,"different","lottery","quant",1
"1b",90,30,70,"different","restaurant","qual",2
"1b",91,70,30,"same","orangeJuice","quant",2
"1b",91,80,20,"same","restaurant","qual",2
"1b",91,60,40,"same","lottery","quant",1
"1b",92,95,5,"same","lottery","quant",1
"1b",92,45,55,"same","restaurant","qual",1
"1b",92,25,75,"same","orangeJuice","quant",2
"1b",93,60,40,"different","orangeJuice","quant",1
"1b",93,20,80,"different","restaurant","qual",1
"1b",93,70,30,"different","lottery","qual",1
"1b",94,90,10,"different","orangeJuice","quant",1
"1b",94,90,10,"different","restaurant","quant",2
"1b",94,85,15,"different","lottery","quant",2
"1b",95,40,60,"different","restaurant","qual",1
"1b",95,0,100,"different","orangeJuice","qual",1
"1b",95,0,100,"different","lottery","quant",2
"1b",96,60,40,"same","lottery","quant",2
"1b",96,30,70,"same","orangeJuice","quant",2
"1b",96,40,60,"same","restaurant","quant",2
"1b",97,70,30,"same","orangeJuice","qual",1
"1b",97,75,25,"same","restaurant","quant",2
"1b",97,35,65,"same","lottery","quant",2
"1b",98,50,50,"same","restaurant","quant",2
"1b",98,75,25,"same","lottery","quant",1
"1b",98,70,30,"same","orangeJuice","qual",2
"1b",99,30,70,"different","restaurant","quant",1
"1b",99,80,20,"different","lottery","quant",2
"1b",99,75,25,"different","orangeJuice","quant",1
"1b",100,70,30,"different","orangeJuice","qual",2
"1b",100,60,40,"different","restaurant","qual",1
"1b",100,20,80,"different","lottery","qual",1
"1b",101,80,20,"same","restaurant","quant",2
"1b",101,100,0,"same","lottery","qual",2
"1b",101,40,60,"same","orangeJuice","quant",2
"1b",102,95,5,"same","lottery","qual",2
"1b",102,60,40,"same","restaurant","qual",2
"1b",102,60,40,"same","orangeJuice","qual",1
"1b",103,30,70,"same","orangeJuice","qual",1
"1b",103,40,60,"same","restaurant","qual",1
"1b",103,100,0,"same","lottery","qual",1
"1b",104,40,60,"different","lottery","qual",2
"1b",104,30,70,"different","restaurant","qual",2
"1b",104,40,60,"different","orangeJuice","quant",2
"1b",105,10,90,"different","orangeJuice","quant",1
"1b",105,20,80,"different","restaurant","quant",1
"1b",105,40,60,"different","lottery","quant",1
"1b",106,75,25,"different","restaurant","qual",2
"1b",106,60,40,"different","lottery","qual",2
"1b",106,30,70,"different","orangeJuice","quant",2
"1b",107,60,40,"different","orangeJuice","quant",2
"1b",107,45,55,"different","restaurant","quant",1
"1b",107,70,30,"different","lottery","quant",1
"1b",108,40,60,"different","lottery","qual",2
"1b",108,30,70,"different","orangeJuice","qual",1
"1b",108,40,60,"different","restaurant","qual",2
"1b",109,75,25,"different","lottery","quant",2
"1b",109,20,80,"different","restaurant","qual",1
"1b",109,10,90,"different","orangeJuice","qual",1
"1b",110,50,50,"same","restaurant","qual",2
"1b",110,90,10,"same","lottery","quant",1
"1b",110,80,20,"same","orangeJuice","quant",2
"1b",111,30,70,"same","restaurant","qual",1
"1b",111,50,50,"same","orangeJuice","qual",2
"1b",111,10,90,"same","lottery","qual",2
"1b",112,40,60,"different","restaurant","quant",1
"1b",112,40,60,"different","orangeJuice","quant",1
"1b",112,95,5,"different","lottery","quant",1
"1b",113,65,35,"different","lottery","qual",2
"1b",113,50,50,"different","restaurant","qual",2
"1b",113,25,75,"different","orangeJuice","quant",1
"1b",114,40,60,"different","restaurant","qual",1
"1b",114,40,60,"different","orangeJuice","qual",1
"1b",114,80,20,"different","lottery","quant",1
"1b",115,100,0,"same","orangeJuice","qual",2
"1b",115,25,75,"same","lottery","quant",2
"1b",115,30,70,"same","restaurant","qual",2
"1b",116,25,75,"different","lottery","qual",1
"1b",116,10,90,"different","orangeJuice","quant",1
"1b",116,50,50,"different","restaurant","quant",1
"1b",117,60,40,"different","orangeJuice","qual",2
"1b",117,90,10,"different","lottery","qual",1
"1b",117,50,50,"different","restaurant","qual",1
"1b",118,90,10,"different","orangeJuice","qual",1
"1b",118,40,60,"different","restaurant","qual",1
"1b",118,35,65,"different","lottery","quant",2
"1b",119,25,75,"different","orangeJuice","qual",1
"1b",119,50,50,"different","restaurant","quant",1
"1b",119,90,10,"different","lottery","quant",1
"1b",120,70,30,"different","restaurant","qual",2
"1b",120,100,0,"different","lottery","qual",1
"1b",120,75,25,"different","orangeJuice","quant",1
"1b",121,70,30,"different","lottery","quant",2
"1b",121,10,90,"different","restaurant","qual",1
"1b",121,0,100,"different","orangeJuice","quant",1
"1b",122,40,60,"different","restaurant","quant",1
"1b",122,75,25,"different","lottery","quant",1
"1b",122,70,30,"different","orangeJuice","qual",2
"1b",123,70,30,"different","restaurant","qual",1
"1b",123,40,60,"different","orangeJuice","quant",1
"1b",123,40,60,"different","lottery","quant",2
"1b",124,80,20,"different","restaurant","quant",1
"1b",124,25,75,"different","lottery","qual",1
"1b",124,60,40,"different","orangeJuice","qual",1
"1b",125,25,75,"different","restaurant","qual",1
"1b",125,90,10,"different","orangeJuice","quant",2
"1b",125,80,20,"different","lottery","qual",1
"1b",126,25,75,"different","lottery","qual",1
"1b",126,0,100,"different","restaurant","quant",1
"1b",126,0,100,"different","orangeJuice","qual",1
"1b",127,90,10,"different","restaurant","qual",2
"1b",127,25,75,"different","orangeJuice","quant",1
"1b",127,80,20,"different","lottery","quant",1
"1b",128,70,30,"same","restaurant","quant",1
"1b",128,60,40,"same","orangeJuice","qual",1
"1b",128,100,0,"same","lottery","quant",1
"1b",129,70,30,"different","lottery","quant",1
"1b",129,80,20,"different","orangeJuice","qual",1
"1b",129,30,70,"different","restaurant","quant",1
"1b",130,80,20,"same","restaurant","quant",2
"1b",130,70,30,"same","lottery","quant",1
"1b",130,0,100,"same","orangeJuice","quant",2
"1b",131,30,70,"different","orangeJuice","qual",2
"1b",131,0,100,"different","restaurant","quant",1
"1b",131,25,75,"different","lottery","qual",1
"1b",132,80,20,"same","restaurant","qual",2
"1b",132,90,10,"same","lottery","qual",1
"1b",132,100,0,"same","orangeJuice","qual",2
"1b",133,50,50,"same","restaurant","qual",2
"1b",133,60,40,"same","lottery","quant",1
"1b",133,60,40,"same","orangeJuice","qual",2
"1b",134,70,30,"same","orangeJuice","quant",2
"1b",134,40,60,"same","lottery","quant",2
"1b",134,50,50,"same","restaurant","qual",1
"1b",135,75,25,"different","lottery","qual",1
"1b",135,45,55,"different","orangeJuice","quant",2
"1b",135,30,70,"different","restaurant","quant",2
"1b",136,10,90,"same","lottery","qual",1
"1b",136,0,100,"same","orangeJuice","qual",2
"1b",136,90,10,"same","restaurant","qual",2
"1b",137,100,0,"different","orangeJuice","qual",2
"1b",137,35,65,"different","lottery","qual",1
"1b",137,40,60,"different","restaurant","quant",2
"1b",138,75,25,"different","orangeJuice","qual",2
"1b",138,100,0,"different","lottery","qual",1
"1b",138,50,50,"different","restaurant","quant",1
"1b",139,40,60,"same","restaurant","qual",1
"1b",139,70,30,"same","lottery","qual",1
"1b",139,20,80,"same","orangeJuice","quant",2
"1b",140,80,20,"same","restaurant","qual",1
"1b",140,0,100,"same","lottery","qual",1
"1b",140,20,80,"same","orangeJuice","quant",2
"1b",141,100,0,"different","lottery","quant",1
"1b",141,100,0,"different","orangeJuice","quant",1
"1b",141,0,100,"different","restaurant","quant",2
"1b",142,80,20,"different","restaurant","quant",2
"1b",142,40,60,"different","lottery","qual",1
"1b",142,70,30,"different","orangeJuice","quant",1
"1b",143,0,100,"same","orangeJuice","quant",1
"1b",143,0,100,"same","lottery","qual",1
"1b",143,70,30,"same","restaurant","qual",2
"1b",144,70,30,"different","restaurant","quant",1
"1b",144,30,70,"different","orangeJuice","quant",1
"1b",144,80,20,"different","lottery","qual",2
"1b",145,30,70,"different","restaurant","quant",1
"1b",145,20,80,"different","lottery","qual",2
"1b",145,100,0,"different","orangeJuice","qual",2
"1b",146,40,60,"same","orangeJuice","quant",2
"1b",146,20,80,"same","restaurant","qual",2
"1b",146,40,60,"same","lottery","qual",1
"1b",147,0,100,"same","lottery","qual",1
"1b",147,65,35,"same","restaurant","quant",1
"1b",147,50,50,"same","orangeJuice","quant",1
"1b",148,90,10,"same","orangeJuice","qual",1
"1b",148,40,60,"same","restaurant","quant",2
"1b",148,70,30,"same","lottery","qual",1
"1b",149,30,70,"same","orangeJuice","quant",2
"1b",149,100,0,"same","restaurant","qual",2
"1b",149,40,60,"same","lottery","quant",2
"1b",150,100,0,"same","restaurant","qual",2
"1b",150,50,50,"same","orangeJuice","qual",2
"1b",150,70,30,"same","lottery","quant",1
"1b",151,100,0,"same","orangeJuice","quant",1
"1b",151,0,100,"same","restaurant","qual",2
"1b",151,100,0,"same","lottery","quant",1
"1b",152,10,90,"different","orangeJuice","qual",1
"1b",152,95,5,"different","restaurant","quant",1
"1b",152,85,15,"different","lottery","quant",1
"1b",153,85,15,"different","lottery","quant",2
"1b",153,90,10,"different","restaurant","qual",2
"1b",153,30,70,"different","orangeJuice","quant",1
"1b",154,35,65,"same","restaurant","qual",2
"1b",154,50,50,"same","lottery","quant",1
"1b",154,70,30,"same","orangeJuice","qual",2
"1b",155,30,70,"same","orangeJuice","qual",1
"1b",155,90,10,"same","lottery","quant",1
"1b",155,100,0,"same","restaurant","quant",1
"1b",156,0,100,"different","lottery","quant",2
"1b",156,50,50,"different","restaurant","qual",1
"1b",156,10,90,"different","orangeJuice","qual",1
"1b",157,90,10,"same","lottery","qual",1
"1b",157,100,0,"same","restaurant","qual",1
"1b",157,100,0,"same","orangeJuice","qual",1
"1b",158,35,65,"different","lottery","qual",2
"1b",158,45,55,"different","restaurant","quant",2
"1b",158,80,20,"different","orangeJuice","quant",2
"1b",159,30,70,"different","restaurant","qual",1
"1b",159,100,0,"different","lottery","qual",2
"1b",159,0,100,"different","orangeJuice","quant",1
"1b",160,0,100,"different","orangeJuice","quant",2
"1b",160,80,20,"different","lottery","quant",1
"1b",160,70,30,"different","restaurant","qual",2
"1b",161,0,100,"same","lottery","quant",2
"1b",161,4,96,"same","restaurant","quant",1
"1b",161,3,97,"same","orangeJuice","qual",1
"1b",162,70,30,"different","restaurant","qual",2
"1b",162,70,30,"different","orangeJuice","quant",2
"1b",162,25,75,"different","lottery","qual",2
"1b",163,30,70,"different","orangeJuice","quant",2
"1b",163,15,85,"different","restaurant","quant",2
"1b",163,35,65,"different","lottery","quant",2
"1b",164,80,20,"different","restaurant","quant",1
"1b",164,10,90,"different","orangeJuice","qual",1
"1b",164,0,100,"different","lottery","quant",2
"1b",165,95,5,"same","lottery","quant",1
"1b",165,1,99,"same","orangeJuice","quant",1
"1b",165,60,40,"same","restaurant","qual",2
"1b",166,55,45,"different","lottery","qual",1
"1b",166,35,65,"different","restaurant","qual",2
"1b",166,30,70,"different","orangeJuice","qual",1
"1b",167,25,75,"same","orangeJuice","quant",2
"1b",167,65,35,"same","restaurant","quant",1
"1b",167,90,10,"same","lottery","qual",1
"1b",168,45,55,"different","restaurant","quant",2
"1b",168,68,32,"different","orangeJuice","qual",1
"1b",168,75,25,"different","lottery","qual",1
"1b",169,80,20,"different","orangeJuice","qual",1
"1b",169,100,0,"different","restaurant","quant",1
"1b",169,60,40,"different","lottery","qual",2
"1b",170,90,10,"different","orangeJuice","quant",2
"1b",170,40,60,"different","lottery","qual",1
"1b",170,20,80,"different","restaurant","qual",1
"1b",171,90,10,"different","restaurant","quant",1
"1b",171,30,70,"different","orangeJuice","qual",2
"1b",171,10,90,"different","lottery","quant",2
"1b",172,30,70,"different","orangeJuice","quant",1
"1b",172,85,15,"different","restaurant","quant",2
"1b",172,25,75,"different","lottery","quant",2
"1b",173,50,50,"different","restaurant","quant",2
"1b",173,30,70,"different","lottery","qual",2
"1b",173,50,50,"different","orangeJuice","quant",2
"1b",174,20,80,"different","lottery","quant",2
"1b",174,60,40,"different","orangeJuice","qual",2
"1b",174,20,80,"different","restaurant","qual",2
"1b",175,45,55,"different","lottery","quant",2
"1b",175,40,60,"different","restaurant","qual",1
"1b",175,45,55,"different","orangeJuice","quant",1
"1b",176,60,40,"same","restaurant","qual",1
"1b",176,100,0,"same","orangeJuice","qual",2
"1b",176,100,0,"same","lottery","quant",1
"1b",177,75,25,"different","restaurant","quant",1
"1b",177,60,40,"different","lottery","quant",1
"1b",177,10,90,"different","orangeJuice","quant",2
"1b",178,75,25,"different","restaurant","quant",1
"1b",178,80,20,"different","lottery","qual",1
"1b",178,10,90,"different","orangeJuice","qual",1
"1b",179,23,77,"same","lottery","qual",1
"1b",179,18,82,"same","orangeJuice","qual",1
"1b",179,99,1,"same","restaurant","quant",2
"1b",180,50,50,"different","restaurant","quant",1
"1b",180,90,10,"different","lottery","quant",1
"1b",180,80,20,"different","orangeJuice","quant",2
"1b",181,50,50,"different","restaurant","qual",1
"1b",181,75,25,"different","lottery","quant",1
"1b",181,10,90,"different","orangeJuice","qual",1
"1b",182,50,50,"same","restaurant","qual",1
"1b",182,80,20,"same","orangeJuice","quant",2
"1b",182,95,5,"same","lottery","qual",1
"1b",183,30,70,"different","restaurant","qual",1
"1b",183,10,90,"different","orangeJuice","quant",1
"1b",183,60,40,"different","lottery","quant",2
"1b",184,30,70,"different","lottery","quant",2
"1b",184,0,100,"different","orangeJuice","quant",2
"1b",184,0,100,"different","restaurant","quant",1
"1b",185,30,70,"same","orangeJuice","quant",2
"1b",185,45,55,"same","restaurant","quant",1
"1b",185,90,10,"same","lottery","qual",1
"1b",186,80,20,"same","restaurant","qual",2
"1b",186,100,0,"same","orangeJuice","qual",2
"1b",186,20,80,"same","lottery","qual",1
"1b",187,40,60,"same","lottery","qual",2
"1b",187,30,70,"same","orangeJuice","qual",2
"1b",187,50,50,"same","restaurant","quant",2
"1b",188,0,100,"different","lottery","qual",1
"1b",188,0,100,"different","restaurant","quant",1
"1b",188,75,25,"different","orangeJuice","quant",2
"1b",189,40,60,"same","restaurant","qual",2
"1b",189,40,60,"same","orangeJuice","qual",2
"1b",189,40,60,"same","lottery","quant",1
"1b",190,60,40,"same","orangeJuice","quant",1
"1b",190,25,75,"same","lottery","quant",2
"1b",190,40,60,"same","restaurant","qual",1
"1b",191,65,35,"same","lottery","quant",2
"1b",191,20,80,"same","orangeJuice","quant",1
"1b",191,60,40,"same","restaurant","qual",2
"1b",192,60,40,"same","restaurant","quant",2
"1b",192,15,85,"same","orangeJuice","quant",2
"1b",192,55,45,"same","lottery","qual",1
"1b",193,75,25,"different","restaurant","qual",2
"1b",193,30,70,"different","lottery","qual",2
"1b",193,25,75,"different","orangeJuice","qual",1
"1b",194,50,50,"different","lottery","quant",2
"1b",194,0,100,"different","orangeJuice","qual",1
"1b",194,0,100,"different","restaurant","quant",2
"1b",195,30,70,"same","lottery","qual",2
"1b",195,100,0,"same","orangeJuice","qual",2
"1b",195,40,60,"same","restaurant","qual",1
"1b",196,25,75,"same","restaurant","quant",2
"1b",196,10,90,"same","orangeJuice","quant",2
"1b",196,20,80,"same","lottery","quant",2
"1b",197,80,20,"different","orangeJuice","quant",2
"1b",197,60,40,"different","lottery","quant",2
"1b",197,10,90,"different","restaurant","qual",2
"1b",198,5,95,"different","orangeJuice","qual",1
"1b",198,25,75,"different","lottery","quant",2
"1b",198,55,45,"different","restaurant","quant",2
"1b",199,55,45,"different","orangeJuice","quant",2
"1b",199,0,100,"different","restaurant","quant",2
"1b",199,100,0,"different","lottery","quant",1
"1b",200,50,50,"same","restaurant","quant",2
"1b",200,60,40,"same","lottery","qual",2
"1b",200,70,30,"same","orangeJuice","quant",1
"1b",201,60,40,"same","restaurant","quant",1
"1b",201,10,90,"same","orangeJuice","quant",2
"1b",201,90,10,"same","lottery","quant",2
"1b",202,100,0,"different","restaurant","qual",1
"1b",202,0,100,"different","lottery","qual",1
"1b",202,50,50,"different","orangeJuice","quant",2
"1b",203,10,90,"same","restaurant","quant",2
"1b",203,100,0,"same","orangeJuice","qual",1
"1b",203,30,70,"same","lottery","quant",2
"1b",204,35,65,"same","orangeJuice","quant",2
"1b",204,45,55,"same","restaurant","qual",2
"1b",204,20,80,"same","lottery","qual",1
"1b",205,40,60,"same","restaurant","quant",1
"1b",205,75,25,"same","lottery","quant",1
"1b",205,10,90,"same","orangeJuice","qual",1
"1b",206,60,40,"different","lottery","qual",1
"1b",206,15,85,"different","orangeJuice","qual",1
"1b",206,65,35,"different","restaurant","quant",1
"1b",207,9,91,"same","lottery","qual",1
"1b",207,5,95,"same","orangeJuice","qual",1
"1b",207,50,50,"same","restaurant","quant",2
"1b",208,10,90,"different","orangeJuice","qual",2
"1b",208,0,100,"different","lottery","quant",1
"1b",208,10,90,"different","restaurant","qual",1
"1b",209,35,65,"same","restaurant","qual",1
"1b",209,30,70,"same","lottery","qual",1
"1b",209,10,90,"same","orangeJuice","qual",1
"1b",210,40,60,"different","restaurant","quant",1
"1b",210,90,10,"different","orangeJuice","qual",2
"1b",210,75,25,"different","lottery","qual",2
"1b",211,85,15,"same","restaurant","quant",1
"1b",211,10,90,"same","orangeJuice","quant",1
"1b",211,100,0,"same","lottery","qual",1
"1b",212,75,25,"different","lottery","quant",1
"1b",212,10,90,"different","orangeJuice","quant",2
"1b",212,50,50,"different","restaurant","quant",1
"1b",213,25,75,"different","orangeJuice","qual",1
"1b",213,50,50,"different","lottery","qual",2
"1b",213,25,75,"different","restaurant","qual",2
"1b",214,90,10,"same","restaurant","quant",1
"1b",214,25,75,"same","orangeJuice","qual",1
"1b",214,75,25,"same","lottery","qual",1
"1b",215,5,95,"same","orangeJuice","qual",1
"1b",215,90,10,"same","lottery","quant",1
"1b",215,50,50,"same","restaurant","quant",1
"1b",216,100,0,"same","orangeJuice","qual",2
"1b",216,100,0,"same","lottery","quant",2
"1b",216,0,100,"same","restaurant","quant",2
"1b",217,65,35,"different","orangeJuice","quant",1
"1b",217,80,20,"different","lottery","qual",1
"1b",217,70,30,"different","restaurant","qual",2
"1b",218,90,10,"different","restaurant","qual",1
"1b",218,80,20,"different","orangeJuice","quant",2
"1b",218,25,75,"different","lottery","qual",2
"1b",219,33,67,"same","lottery","qual",2
"1b",219,15,85,"same","restaurant","quant",1
"1b",219,45,55,"same","orangeJuice","quant",2
"1b",220,65,35,"same","restaurant","quant",1
"1b",220,20,80,"same","lottery","quant",2
"1b",220,90,10,"same","orangeJuice","quant",2
"1b",221,0,100,"different","orangeJuice","quant",2
"1b",221,100,0,"different","restaurant","qual",2
"1b",221,40,60,"different","lottery","qual",2
"1b",222,95,5,"same","orangeJuice","qual",2
"1b",222,100,0,"same","restaurant","qual",1
"1b",222,25,75,"same","lottery","quant",2
"1b",223,100,0,"same","restaurant","qual",1
"1b",223,0,100,"same","orangeJuice","quant",2
"1b",223,100,0,"same","lottery","quant",1
"1b",224,10,90,"different","orangeJuice","qual",1
"1b",224,95,5,"different","lottery","quant",1
"1b",224,95,5,"different","restaurant","qual",2
"1b",225,40,60,"different","lottery","quant",1
"1b",225,30,70,"different","restaurant","quant",1
"1b",225,15,85,"different","orangeJuice","quant",1
"1b",226,49,51,"different","restaurant","quant",1
"1b",226,1,99,"different","orangeJuice","qual",1
"1b",226,100,0,"different","lottery","qual",2
"1b",227,90,10,"different","orangeJuice","qual",2
"1b",227,70,30,"different","restaurant","qual",2
"1b",227,25,75,"different","lottery","quant",2
"1b",228,75,25,"same","restaurant","qual",2
"1b",228,40,60,"same","orangeJuice","qual",1
"1b",228,100,0,"same","lottery","qual",1
"1b",229,75,25,"different","lottery","qual",1
"1b",229,0,100,"different","orangeJuice","qual",1
"1b",229,25,75,"different","restaurant","qual",2
"1b",230,100,0,"same","orangeJuice","qual",2
"1b",230,50,50,"same","restaurant","qual",1
"1b",230,70,30,"same","lottery","qual",1
"1b",231,60,40,"different","lottery","qual",2
"1b",231,35,65,"different","restaurant","quant",2
"1b",231,25,75,"different","orangeJuice","qual",1
"1b",232,60,40,"same","restaurant","qual",1
"1b",232,50,50,"same","lottery","quant",1
"1b",232,100,0,"same","orangeJuice","quant",1
"1b",233,90,10,"different","restaurant","qual",2
"1b",233,40,60,"different","orangeJuice","qual",2
"1b",233,30,70,"different","lottery","qual",1
"1b",234,20,80,"same","restaurant","quant",2
"1b",234,100,0,"same","orangeJuice","quant",1
"1b",234,100,0,"same","lottery","quant",1
"1b",235,30,70,"same","lottery","quant",2
"1b",235,95,5,"same","orangeJuice","quant",1
"1b",235,95,5,"same","restaurant","qual",2
"1b",236,65,35,"different","restaurant","qual",2
"1b",236,100,0,"different","lottery","quant",2
"1b",236,20,80,"different","orangeJuice","qual",1
"1b",237,70,30,"different","lottery","qual",2
"1b",237,50,50,"different","restaurant","qual",1
"1b",237,70,30,"different","orangeJuice","quant",2
"1b",238,30,70,"different","lottery","quant",2
"1b",238,10,90,"different","orangeJuice","qual",1
"1b",238,10,90,"different","restaurant","qual",2
"1b",239,92,8,"same","restaurant","quant",1
"1b",239,25,75,"same","orangeJuice","qual",1
"1b",239,98,2,"same","lottery","qual",1
"1b",240,70,30,"same","restaurant","qual",2
"1b",240,60,40,"same","lottery","qual",2
"1b",240,75,25,"same","orangeJuice","quant",2
"1b",241,75,25,"same","restaurant","qual",1
"1b",241,5,95,"same","orangeJuice","quant",1
"1b",241,99,1,"same","lottery","qual",1
"1b",242,40,60,"different","restaurant","quant",2
"1b",242,20,80,"different","orangeJuice","qual",1
"1b",242,10,90,"different","lottery","quant",2
"1b",243,70,30,"different","lottery","quant",1
"1b",243,10,90,"different","orangeJuice","qual",2
"1b",243,80,20,"different","restaurant","quant",1
"1b",244,50,50,"same","lottery","quant",2
"1b",244,75,25,"same","restaurant","quant",1
"1b",244,70,30,"same","orangeJuice","quant",2
"1b",245,75,25,"same","lottery","quant",2
"1b",245,0,100,"same","orangeJuice","qual",1
"1b",245,70,30,"same","restaurant","qual",2
"1b",246,80,20,"different","orangeJuice","qual",1
"1b",246,60,40,"different","lottery","quant",1
"1b",246,60,40,"different","restaurant","qual",2
"1b",247,80,20,"same","restaurant","quant",1
"1b",247,90,10,"same","orangeJuice","quant",1
"1b",247,70,30,"same","lottery","qual",2
"1b",248,100,0,"different","lottery","qual",2
"1b",248,50,50,"different","orangeJuice","qual",1
"1b",248,25,75,"different","restaurant","qual",1
"1b",249,20,80,"same","lottery","quant",2
"1b",249,100,0,"same","orangeJuice","qual",2
"1b",249,20,80,"same","restaurant","quant",1
"1b",250,80,20,"different","orangeJuice","quant",1
"1b",250,40,60,"different","restaurant","qual",1
"1b",250,70,30,"different","lottery","quant",1
"1b",251,20,80,"same","restaurant","quant",1
"1b",251,70,30,"same","lottery","quant",1
"1b",251,20,80,"same","orangeJuice","quant",2
"1b",252,100,0,"different","lottery","quant",2
"1b",252,75,25,"different","orangeJuice","quant",2
"1b",252,100,0,"different","restaurant","qual",2
"1b",253,75,25,"same","lottery","qual",1
"1b",253,40,60,"same","restaurant","qual",2
"1b",253,90,10,"same","orangeJuice","quant",2
"1b",254,80,20,"same","orangeJuice","quant",1
"1b",254,55,45,"same","restaurant","quant",1
"1b",254,40,60,"same","lottery","quant",1
"1b",255,35,65,"same","orangeJuice","quant",2
"1b",255,85,15,"same","lottery","qual",2
"1b",255,10,90,"same","restaurant","qual",1
"1b",256,90,10,"different","lottery","quant",1
"1b",256,100,0,"different","orangeJuice","quant",1
"1b",256,65,35,"different","restaurant","quant",1
"1b",257,80,20,"same","restaurant","qual",1
"1b",257,30,70,"same","lottery","qual",2
"1b",257,50,50,"same","orangeJuice","qual",1
"1b",258,10,90,"different","lottery","quant",2
"1b",258,40,60,"different","restaurant","qual",1
"1b",258,0,100,"different","orangeJuice","qual",1
"1b",259,50,50,"different","lottery","qual",2
"1b",259,0,100,"different","restaurant","qual",1
"1b",259,10,90,"different","orangeJuice","qual",1
"1b",260,75,25,"same","orangeJuice","quant",1
"1b",260,20,80,"same","lottery","qual",2
"1b",260,70,30,"same","restaurant","quant",2
"1b",261,65,35,"different","restaurant","quant",1
"1b",261,35,65,"different","lottery","qual",1
"1b",261,40,60,"different","orangeJuice","quant",2
"1b",262,30,70,"same","restaurant","qual",2
"1b",262,20,80,"same","lottery","quant",1
"1b",262,60,40,"same","orangeJuice","qual",2
"1b",263,35,65,"same","lottery","qual",2
"1b",263,40,60,"same","orangeJuice","qual",2
"1b",263,70,30,"same","restaurant","qual",1
"1b",264,40,60,"same","restaurant","quant",2
"1b",264,90,10,"same","orangeJuice","quant",1
"1b",264,10,90,"same","lottery","qual",1
"1b",265,40,60,"same","restaurant","quant",2
"1b",265,65,35,"same","lottery","qual",2
"1b",265,95,5,"same","orangeJuice","qual",2
"1b",266,100,0,"same","orangeJuice","quant",2
"1b",266,100,0,"same","restaurant","qual",1
"1b",266,0,100,"same","lottery","quant",2
"1b",267,99,1,"same","orangeJuice","quant",2
"1b",267,60,40,"same","lottery","quant",2
"1b",267,70,30,"same","restaurant","qual",1
"1b",268,65,35,"different","lottery","qual",1
"1b",268,80,20,"different","orangeJuice","qual",2
"1b",268,55,45,"different","restaurant","qual",1
"1b",269,90,10,"same","orangeJuice","quant",2
"1b",269,25,75,"same","restaurant","quant",1
"1b",269,80,20,"same","lottery","quant",1
"1b",270,55,45,"different","lottery","quant",2
"1b",270,30,70,"different","orangeJuice","qual",2
"1b",270,75,25,"different","restaurant","qual",1
"1b",271,70,30,"same","restaurant","qual",1
"1b",271,0,100,"same","orangeJuice","quant",2
"1b",271,100,0,"same","lottery","quant",1
"1b",272,30,70,"different","lottery","quant",1
"1b",272,20,80,"different","orangeJuice","qual",2
"1b",272,20,80,"different","restaurant","qual",1
"1b",273,90,10,"same","lottery","quant",1
"1b",273,50,50,"same","restaurant","quant",1
"1b",273,0,100,"same","orangeJuice","quant",2
"1b",274,60,40,"different","restaurant","quant",2
"1b",274,70,30,"different","lottery","qual",2
"1b",274,30,70,"different","orangeJuice","quant",2
"1b",275,10,90,"same","restaurant","qual",1
"1b",275,60,40,"same","lottery","qual",1
"1b",275,60,40,"same","orangeJuice","qual",1
"1b",276,20,80,"same","restaurant","quant",1
"1b",276,50,50,"same","lottery","qual",2
"1b",276,80,20,"same","orangeJuice","qual",1
"1b",277,20,80,"different","orangeJuice","quant",1
"1b",277,35,65,"different","lottery","quant",2
"1b",277,40,60,"different","restaurant","quant",1
"1b",278,60,40,"different","lottery","quant",2
"1b",278,50,50,"different","orangeJuice","qual",2
"1b",278,55,45,"different","restaurant","quant",2
"1b",279,60,40,"same","orangeJuice","quant",1
"1b",279,40,60,"same","restaurant","qual",1
"1b",279,50,50,"same","lottery","qual",2
"1b",280,5,95,"different","orangeJuice","quant",1
"1b",280,85,15,"different","restaurant","quant",1
"1b",280,30,70,"different","lottery","qual",2
"1b",281,0,100,"different","orangeJuice","qual",2
"1b",281,20,80,"different","lottery","qual",2
"1b",281,60,40,"different","restaurant","quant",2
"1b",282,60,40,"same","restaurant","qual",1
"1b",282,30,70,"same","orangeJuice","quant",1
"1b",282,30,70,"same","lottery","qual",2
"1b",283,80,20,"same","lottery","qual",2
"1b",283,25,75,"same","orangeJuice","qual",1
"1b",283,40,60,"same","restaurant","quant",2
"1b",284,5,95,"different","lottery","quant",2
"1b",284,100,0,"different","restaurant","quant",2
"1b",284,10,90,"different","orangeJuice","quant",1
"1b",285,10,90,"different","orangeJuice","quant",2
"1b",285,85,15,"different","lottery","quant",1
"1b",285,100,0,"different","restaurant","qual",2
"1b",286,15,85,"different","lottery","qual",2
"1b",286,55,45,"different","restaurant","quant",1
"1b",286,70,30,"different","orangeJuice","qual",2
"1b",287,20,80,"same","restaurant","qual",1
"1b",287,90,10,"same","lottery","qual",2
"1b",287,100,0,"same","orangeJuice","qual",2
"1b",288,100,0,"different","restaurant","quant",2
"1b",288,100,0,"different","lottery","quant",1
"1b",288,70,30,"different","orangeJuice","quant",1
"1b",289,40,60,"same","lottery","qual",2
"1b",289,40,60,"same","orangeJuice","quant",2
"1b",289,90,10,"same","restaurant","quant",1
"1b",290,70,30,"different","orangeJuice","qual",2
"1b",290,0,100,"different","lottery","quant",1
"1b",290,20,80,"different","restaurant","qual",1
"1b",291,60,40,"different","restaurant","qual",2
"1b",291,35,65,"different","orangeJuice","qual",2
"1b",291,50,50,"different","lottery","qual",2
"1b",292,40,60,"different","lottery","qual",1
"1b",292,90,10,"different","orangeJuice","quant",1
"1b",292,80,20,"different","restaurant","quant",2
"1b",293,50,50,"different","restaurant","quant",1
"1b",293,45,55,"different","lottery","quant",1
"1b",293,75,25,"different","orangeJuice","quant",2
"1b",294,100,0,"different","orangeJuice","qual",2
"1b",294,25,75,"different","restaurant","quant",2
"1b",294,35,65,"different","lottery","qual",1
"1b",295,70,30,"same","lottery","quant",1
"1b",295,90,10,"same","orangeJuice","quant",2
"1b",295,85,15,"same","restaurant","quant",1
"1b",296,60,40,"same","lottery","quant",2
"1b",296,80,20,"same","restaurant","quant",2
"1b",296,30,70,"same","orangeJuice","quant",2
"1b",297,50,50,"different","lottery","qual",1
"1b",297,25,75,"different","restaurant","qual",2
"1b",297,35,65,"different","orangeJuice","quant",1
"1b",298,50,50,"different","orangeJuice","qual",1
"1b",298,30,70,"different","restaurant","quant",2
"1b",298,60,40,"different","lottery","quant",1
"1b",299,80,20,"different","lottery","qual",2
"1b",299,20,80,"different","orangeJuice","qual",1
"1b",299,30,70,"different","restaurant","qual",1
"1b",300,70,30,"same","restaurant","qual",2
"1b",300,55,45,"same","orangeJuice","quant",1
"1b",300,35,65,"same","lottery","qual",1
"1b",301,80,20,"same","lottery","quant",1
"1b",301,15,85,"same","orangeJuice","qual",1
"1b",301,85,15,"same","restaurant","qual",2
"1b",302,25,75,"different","restaurant","quant",2
"1b",302,100,0,"different","orangeJuice","quant",2
"1b",302,40,60,"different","lottery","qual",2
"1b",303,30,70,"same","lottery","quant",2
"1b",303,90,10,"same","restaurant","quant",1
"1b",303,20,80,"same","orangeJuice","quant",2
"1b",304,70,30,"same","orangeJuice","quant",1
"1b",304,90,10,"same","restaurant","quant",2
"1b",304,100,0,"same","lottery","qual",2
"1b",305,90,10,"same","orangeJuice","qual",2
"1b",305,80,20,"same","restaurant","quant",2
"1b",305,70,30,"same","lottery","quant",2
"1b",306,75,25,"same","restaurant","quant",1
"1b",306,60,40,"same","orangeJuice","quant",2
"1b",306,35,65,"same","lottery","qual",1
"1b",307,70,30,"same","lottery","quant",1
"1b",307,100,0,"same","orangeJuice","quant",1
"1b",307,75,25,"same","restaurant","quant",1
"1b",308,25,75,"different","orangeJuice","quant",1
"1b",308,20,80,"different","restaurant","quant",1
"1b",308,60,40,"different","lottery","quant",1
"1b",309,70,30,"same","lottery","quant",1
"1b",309,35,65,"same","orangeJuice","quant",2
"1b",309,20,80,"same","restaurant","qual",1
"1b",310,50,50,"different","restaurant","quant",2
"1b",310,60,40,"different","lottery","quant",1
"1b",310,10,90,"different","orangeJuice","qual",1
"1b",311,40,60,"different","orangeJuice","qual",1
"1b",311,100,0,"different","lottery","quant",1
"1b",311,35,65,"different","restaurant","qual",1
"1b",312,40,60,"same","orangeJuice","quant",2
"1b",312,100,0,"same","lottery","qual",2
"1b",312,50,50,"same","restaurant","qual",1
"1b",313,30,70,"different","orangeJuice","qual",2
"1b",313,50,50,"different","lottery","qual",1
"1b",313,55,45,"different","restaurant","quant",2
"1b",314,75,25,"same","restaurant","quant",2
"1b",314,85,15,"same","lottery","qual",2
"1b",314,60,40,"same","orangeJuice","quant",2
"1b",315,90,10,"same","restaurant","qual",1
"1b",315,15,85,"same","orangeJuice","qual",1
"1b",315,40,60,"same","lottery","quant",2
"1b",316,80,20,"same","lottery","qual",2
"1b",316,50,50,"same","orangeJuice","quant",1
"1b",316,20,80,"same","restaurant","quant",2
"1b",317,35,65,"same","restaurant","quant",1
"1b",317,90,10,"same","orangeJuice","quant",2
"1b",317,40,60,"same","lottery","quant",2
"1b",318,10,90,"same","restaurant","quant",2
"1b",318,10,90,"same","orangeJuice","quant",1
"1b",318,40,60,"same","lottery","quant",1
"1b",319,40,60,"same","lottery","qual",1
"1b",319,35,65,"same","restaurant","qual",1
"1b",319,100,0,"same","orangeJuice","quant",2
"1b",320,20,80,"same","restaurant","quant",2
"1b",320,75,25,"same","orangeJuice","quant",1
"1b",320,60,40,"same","lottery","quant",2
"1b",321,0,100,"different","orangeJuice","quant",1
"1b",321,20,80,"different","restaurant","quant",2
"1b",321,75,25,"different","lottery","qual",1
"1b",322,30,70,"different","restaurant","quant",1
"1b",322,45,55,"different","orangeJuice","qual",2
"1b",322,60,40,"different","lottery","qual",1
"1b",323,80,20,"different","orangeJuice","qual",1
"1b",323,25,75,"different","lottery","qual",2
"1b",323,35,65,"different","restaurant","qual",1
"1b",324,0,100,"different","orangeJuice","quant",2
"1b",324,80,20,"different","restaurant","qual",1
"1b",324,100,0,"different","lottery","quant",1
"1b",325,80,20,"different","lottery","qual",2
"1b",325,70,30,"different","orangeJuice","qual",1
"1b",325,35,65,"different","restaurant","qual",1
"1b",326,65,35,"same","lottery","quant",2
"1b",326,30,70,"same","orangeJuice","quant",1
"1b",326,30,70,"same","restaurant","quant",2
"1b",327,80,20,"different","orangeJuice","qual",2
"1b",327,45,55,"different","lottery","qual",2
"1b",327,42,58,"different","restaurant","quant",2
"1b",328,80,20,"different","lottery","qual",1
"1b",328,5,95,"different","orangeJuice","quant",1
"1b",328,25,75,"different","restaurant","qual",1
"1b",329,80,20,"different","lottery","quant",1
"1b",329,50,50,"different","restaurant","qual",2
"1b",329,100,0,"different","orangeJuice","qual",2
"1b",330,80,20,"different","orangeJuice","qual",2
"1b",330,20,80,"different","restaurant","qual",1
"1b",330,60,40,"different","lottery","quant",1
"1b",331,75,25,"same","restaurant","qual",2
"1b",331,2,98,"same","orangeJuice","quant",1
"1b",331,0,100,"same","lottery","quant",1
"1b",332,75,25,"different","lottery","qual",1
"1b",332,90,10,"different","orangeJuice","quant",2
"1b",332,20,80,"different","restaurant","qual",1
"1b",333,65,35,"same","lottery","qual",2
"1b",333,85,15,"same","restaurant","qual",2
"1b",333,0,100,"same","orangeJuice","quant",2
"1b",334,75,25,"different","orangeJuice","qual",1
"1b",334,25,75,"different","lottery","quant",1
"1b",334,75,25,"different","restaurant","quant",2
"1b",335,25,75,"same","restaurant","qual",1
"1b",335,20,80,"same","orangeJuice","qual",1
"1b",335,50,50,"same","lottery","quant",2
"1b",336,70,30,"same","orangeJuice","quant",2
"1b",336,50,50,"same","restaurant","quant",2
"1b",336,95,5,"same","lottery","qual",1
"1b",337,80,20,"same","restaurant","quant",1
"1b",337,40,60,"same","orangeJuice","quant",2
"1b",337,40,60,"same","lottery","qual",1
"1b",338,100,0,"different","lottery","qual",1
"1b",338,0,100,"different","orangeJuice","quant",1
"1b",338,75,25,"different","restaurant","qual",1
"1b",339,0,100,"different","orangeJuice","quant",2
"1b",339,0,100,"different","lottery","qual",2
"1b",339,35,65,"different","restaurant","quant",2
"1b",340,55,45,"different","restaurant","qual",1
"1b",340,60,40,"different","lottery","qual",1
"1b",340,85,15,"different","orangeJuice","quant",1
"1b",341,60,40,"same","lottery","qual",1
"1b",341,40,60,"same","orangeJuice","quant",2
"1b",341,45,55,"same","restaurant","qual",1
"1b",342,65,35,"same","restaurant","quant",1
"1b",342,70,30,"same","lottery","qual",1
"1b",342,60,40,"same","orangeJuice","quant",2
"1b",343,75,25,"same","restaurant","quant",1
"1b",343,10,90,"same","orangeJuice","qual",1
"1b",343,100,0,"same","lottery","qual",2
"1b",344,0,100,"different","restaurant","quant",2
"1b",344,50,50,"different","orangeJuice","qual",1
"1b",344,25,75,"different","lottery","quant",2
"1b",345,70,30,"same","lottery","quant",1
"1b",345,40,60,"same","orangeJuice","quant",1
"1b",345,65,35,"same","restaurant","qual",2
"1b",346,0,100,"different","orangeJuice","quant",2
"1b",346,20,80,"different","restaurant","quant",2
"1b",346,100,0,"different","lottery","qual",1
"1b",347,0,100,"same","orangeJuice","qual",1
"1b",347,50,50,"same","lottery","quant",2
"1b",347,100,0,"same","restaurant","qual",1
"1b",348,25,75,"same","lottery","quant",2
"1b",348,25,75,"same","orangeJuice","quant",2
"1b",348,75,25,"same","restaurant","quant",2
"1b",349,40,60,"different","restaurant","quant",2
"1b",349,0,100,"different","orangeJuice","qual",1
"1b",349,20,80,"different","lottery","quant",2
"1b",350,50,50,"same","orangeJuice","qual",1
"1b",350,70,30,"same","lottery","qual",2
"1b",350,50,50,"same","restaurant","quant",2
"1b",351,0,100,"different","lottery","qual",1
"1b",351,0,100,"different","orangeJuice","qual",1
"1b",351,0,100,"different","restaurant","quant",2
"1b",352,60,40,"same","lottery","quant",2
"1b",352,0,100,"same","orangeJuice","qual",1
"1b",352,0,100,"same","restaurant","qual",2
"1b",353,65,35,"different","lottery","qual",1
"1b",353,0,100,"different","restaurant","quant",1
"1b",353,0,100,"different","orangeJuice","qual",2
"1b",354,60,40,"different","lottery","qual",2
"1b",354,20,80,"different","orangeJuice","quant",2
"1b",354,60,40,"different","restaurant","quant",2
"1b",355,30,70,"same","lottery","quant",2
"1b",355,10,90,"same","restaurant","quant",1
"1b",355,75,25,"same","orangeJuice","quant",1
"1b",356,30,70,"same","orangeJuice","quant",1
"1b",356,50,50,"same","lottery","qual",2
"1b",356,10,90,"same","restaurant","quant",2
"1b",357,60,40,"same","lottery","quant",2
"1b",357,85,15,"same","orangeJuice","qual",2
"1b",357,75,25,"same","restaurant","quant",1
"1b",358,80,20,"different","orangeJuice","qual",1
"1b",358,40,60,"different","restaurant","qual",2
"1b",358,30,70,"different","lottery","quant",2
"1b",359,45,55,"same","lottery","quant",2
"1b",359,30,70,"same","restaurant","quant",2
"1b",359,0,100,"same","orangeJuice","qual",2
"1b",360,60,40,"different","lottery","qual",1
"1b",360,35,65,"different","restaurant","quant",1
"1b",360,70,30,"different","orangeJuice","quant",2
"1b",361,85,15,"same","restaurant","quant",1
"1b",361,5,95,"same","orangeJuice","qual",1
"1b",361,15,85,"same","lottery","quant",2
"1b",362,60,40,"different","orangeJuice","qual",1
"1b",362,55,45,"different","lottery","quant",1
"1b",362,20,80,"different","restaurant","quant",1
"1b",363,75,25,"same","restaurant","qual",1
"1b",363,75,25,"same","orangeJuice","quant",2
"1b",363,80,20,"same","lottery","quant",2
"1b",364,60,40,"same","restaurant","quant",2
"1b",364,30,70,"same","orangeJuice","qual",2
"1b",364,70,30,"same","lottery","qual",2
"1b",365,60,40,"same","restaurant","quant",2
"1b",365,10,90,"same","lottery","qual",1
"1b",365,50,50,"same","orangeJuice","quant",2
"1b",366,90,10,"same","restaurant","quant",1
"1b",366,70,30,"same","orangeJuice","qual",1
"1b",366,80,20,"same","lottery","qual",2
"1b",367,90,10,"different","orangeJuice","qual",2
"1b",367,100,0,"different","lottery","qual",1
"1b",367,55,45,"different","restaurant","quant",2
"1b",368,40,60,"different","restaurant","qual",2
"1b",368,0,100,"different","lottery","qual",2
"1b",368,90,10,"different","orangeJuice","quant",2
"1b",369,60,40,"same","orangeJuice","quant",1
"1b",369,50,50,"same","restaurant","qual",2
"1b",369,40,60,"same","lottery","quant",1
"1b",370,80,20,"same","restaurant","quant",2
"1b",370,40,60,"same","lottery","quant",2
"1b",370,30,70,"same","orangeJuice","quant",1
"1b",371,10,90,"different","orangeJuice","qual",1
"1b",371,30,70,"different","restaurant","qual",1
"1b",371,0,100,"different","lottery","qual",2
"1b",372,75,25,"different","orangeJuice","qual",1
"1b",372,0,100,"different","restaurant","quant",1
"1b",372,30,70,"different","lottery","quant",2
"1b",373,40,60,"same","restaurant","quant",2
"1b",373,0,100,"same","orangeJuice","qual",1
"1b",373,100,0,"same","lottery","qual",1
"1b",374,70,30,"different","lottery","qual",2
"1b",374,40,60,"different","restaurant","quant",2
"1b",374,30,70,"different","orangeJuice","quant",1
"1b",375,10,90,"different","lottery","qual",2
"1b",375,0,100,"different","orangeJuice","qual",1
"1b",375,100,0,"different","restaurant","qual",2
"1b",376,100,0,"different","lottery","quant",1
"1b",376,100,0,"different","orangeJuice","qual",1
"1b",376,0,100,"different","restaurant","qual",2
"1b",377,60,40,"different","orangeJuice","quant",2
"1b",377,75,25,"different","restaurant","quant",2
"1b",377,90,10,"different","lottery","quant",1
"1b",378,60,40,"same","lottery","quant",2
"1b",378,10,90,"same","restaurant","qual",1
"1b",378,25,75,"same","orangeJuice","quant",2
"1b",379,73,27,"same","lottery","qual",2
"1b",379,15,85,"same","orangeJuice","quant",2
"1b",379,99,1,"same","restaurant","qual",2
"1b",380,75,25,"same","orangeJuice","quant",2
"1b",380,100,0,"same","lottery","qual",1
"1b",380,60,40,"same","restaurant","qual",2
"1b",381,40,60,"same","restaurant","quant",2
"1b",381,45,55,"same","lottery","quant",1
"1b",381,25,75,"same","orangeJuice","qual",1
"1b",382,45,55,"different","restaurant","quant",1
"1b",382,45,55,"different","orangeJuice","quant",1
"1b",382,40,60,"different","lottery","qual",2
"1b",383,25,75,"different","orangeJuice","qual",1
"1b",383,10,90,"different","restaurant","qual",1
"1b",383,100,0,"different","lottery","quant",2
"1b",384,50,50,"different","lottery","qual",1
"1b",384,40,60,"different","restaurant","qual",2
"1b",384,20,80,"different","orangeJuice","quant",2
"1b",385,65,35,"same","lottery","qual",2
"1b",385,40,60,"same","orangeJuice","qual",1
"1b",385,30,70,"same","restaurant","quant",1
"1b",386,90,10,"same","orangeJuice","qual",2
"1b",386,80,20,"same","restaurant","qual",2
"1b",386,70,30,"same","lottery","qual",2
"1b",387,40,60,"same","orangeJuice","qual",1
"1b",387,75,25,"same","lottery","qual",2
"1b",387,40,60,"same","restaurant","qual",1
"1b",388,0,100,"same","orangeJuice","quant",2
"1b",388,0,100,"same","lottery","quant",2
"1b",388,100,0,"same","restaurant","quant",2
"1b",389,90,10,"same","lottery","quant",1
"1b",389,50,50,"same","restaurant","quant",1
"1b",389,80,20,"same","orangeJuice","qual",2
"1b",390,90,10,"different","orangeJuice","quant",1
"1b",390,95,5,"different","restaurant","quant",1
"1b",390,100,0,"different","lottery","quant",1
"1b",391,0,100,"different","orangeJuice","qual",1
"1b",391,70,30,"different","restaurant","qual",2
"1b",391,70,30,"different","lottery","qual",1
"1b",392,60,40,"same","orangeJuice","qual",2
"1b",392,90,10,"same","lottery","quant",1
"1b",392,50,50,"same","restaurant","quant",1
"1b",393,1,99,"different","lottery","qual",1
"1b",393,80,20,"different","orangeJuice","qual",2
"1b",393,30,70,"different","restaurant","quant",2
"1b",394,40,60,"different","orangeJuice","qual",1
"1b",394,40,60,"different","lottery","qual",1
"1b",394,70,30,"different","restaurant","quant",2
"1b",395,40,60,"same","lottery","qual",2
"1b",395,70,30,"same","restaurant","qual",2
"1b",395,90,10,"same","orangeJuice","qual",2
"1b",396,60,40,"different","lottery","qual",1
"1b",396,50,50,"different","orangeJuice","quant",1
"1b",396,60,40,"different","restaurant","quant",1
"1b",397,50,50,"different","orangeJuice","qual",1
"1b",397,50,50,"different","lottery","qual",1
"1b",397,50,50,"different","restaurant","quant",1
"1b",398,10,90,"different","restaurant","qual",1
"1b",398,70,30,"different","lottery","quant",1
"1b",398,22,78,"different","orangeJuice","quant",1
"1b",399,35,65,"same","restaurant","quant",1
"1b",399,70,30,"same","lottery","quant",1
"1b",399,60,40,"same","orangeJuice","quant",2
"1b",400,93,7,"same","lottery","qual",1
"1b",400,2,98,"same","orangeJuice","qual",1
"1b",400,5,95,"same","restaurant","quant",1
"1b",401,65,35,"different","orangeJuice","quant",1
"1b",401,75,25,"different","restaurant","qual",1
"1b",401,40,60,"different","lottery","qual",1
"1b",402,35,65,"same","lottery","qual",2
"1b",402,99,1,"same","orangeJuice","qual",2
"1b",402,75,25,"same","restaurant","qual",2
"1b",403,10,90,"same","lottery","quant",2
"1b",403,50,50,"same","restaurant","quant",2
"1b",403,70,30,"same","orangeJuice","qual",2
"1b",404,60,40,"same","orangeJuice","quant",1
"1b",404,80,20,"same","restaurant","quant",1
"1b",404,100,0,"same","lottery","qual",1
"1b",405,70,30,"different","restaurant","quant",2
"1b",405,95,5,"different","orangeJuice","quant",2
"1b",405,100,0,"different","lottery","quant",1
"1b",406,10,90,"same","orangeJuice","quant",1
"1b",406,75,25,"same","lottery","quant",2
"1b",406,70,30,"same","restaurant","quant",1
"1b",407,80,20,"same","orangeJuice","qual",1
"1b",407,60,40,"same","lottery","quant",1
"1b",407,15,85,"same","restaurant","quant",1
"1b",408,45,55,"different","lottery","qual",2
"1b",408,70,30,"different","restaurant","qual",1
"1b",408,75,25,"different","orangeJuice","qual",2
"1b",409,10,90,"same","orangeJuice","qual",1
"1b",409,70,30,"same","restaurant","qual",1
"1b",409,95,5,"same","lottery","quant",1
"1b",410,30,70,"different","lottery","qual",1
"1b",410,45,55,"different","orangeJuice","quant",1
"1b",410,60,40,"different","restaurant","quant",2
